date,transect,location,sample_id,doc_id,tp_mgL,tn_mgL,doc_mgL,tdn_mgL,no3_mgL,no2_mgL,nh4_mgL,cl_mgL,po4_ugL,ph,temperature_c,conductance_us,spec_cond_us,o2_mgL,o2_percent,,,,,,,,,,,,,
7/28/11,inflow_1,inflow,1009,NA,NA,NA,NA,NA,2.13,0.208,1.21,329,1.7,7.37,30.7,1768,1960,5.42,NA,,,,,,,,,,,,,
7/28/11,inflow_2,inflow,1010,NA,NA,NA,NA,NA,1.99,0.198,1.5,331,2.01,7.37,30.7,1768,1960,5.42,NA,,,,,,,,,,,,,
7/28/11,inflow_3,inflow,1011,NA,NA,NA,NA,NA,1.56,0.203,1.46,345,1.87,7.37,30.7,1768,1960,5.42,NA,,,,,,,,,,,,,
7/28/11,outflow_1,outflow,1024,NA,NA,NA,NA,NA,1.15,0.149,0.331,341,1.35,8.08,30.6,1746,1932,8.52,121.2,,,,,,,,,,,,,
7/28/11,outflow_2,outflow,1025,NA,NA,NA,NA,NA,0.922,0.123,0.288,331,1.8,8.08,30.6,1746,1932,8.52,121.2,,,,,,,,,,,,,
7/28/11,outflow_3,outflow,1026,NA,NA,NA,NA,NA,1.04,0.135,0.299,342,1.96,8.08,30.6,1746,1932,8.52,121.2,,,,,,,,,,,,,
7/28/11,m_1_e,shore,1012,NA,NA,NA,NA,NA,0.0135,0.0058,0.547,332,2.54,6.98,24.6,2092,2088,0.48,4.9,,,,,,,,,,,,,
7/28/11,m_4_n,shore,1032,NA,NA,NA,NA,NA,0.0115,0.0041,0.0663,376,2.38,6.68,24.6,1782,1767,0.1,1.5,,,,,,,,,,,,,
7/28/11,m_4_s,shore,1027,NA,NA,NA,NA,NA,1.33,0.173,0.293,339,1.59,6.91,26.3,1766,1805,0.15,1.9,,,,,,,,,,,,,
7/28/11,m_1_e,water,1013,NA,NA,NA,NA,NA,1.85,0.335,1.06,333,2.2,7.38,29.7,1758,1922,1.55,21,,,,,,,,,,,,,
7/28/11,m_4_n,water,1033,NA,NA,NA,NA,NA,1.18,0.15,0.198,343,2.02,7.8,31.5,1766,1983,1.39,87.9,,,,,,,,,,,,,
7/28/11,m_4_s,water,1028,NA,NA,NA,NA,NA,1.36,0.18,0.3,305,1.64,7.78,30.2,1752,1928,3.05,42.7,,,,,,,,,,,,,
9/27/11,inflow_1,inflow,1036,3000,NA,7.903,7.875,NA,5.42,0.363,1.31,222,0.979,7.32,30.2,1706,1877,4.7,63,,,,,,,,,,,,,
9/27/11,inflow_2,inflow,1037,2243,NA,7.955,8.604,NA,5.25,0.36,1.23,219,2.22,7.32,30.2,1706,1877,4.7,63,,,,,,,,,,,,,
9/27/11,inflow_3,inflow,1038,1052,NA,8.005,8.023,NA,5.22,0.353,1.23,223,1.56,7.32,30.2,1706,1877,4.7,63,,,,,,,,,,,,,
9/27/11,outflow_1,outflow,1043,10081,NA,4.118,8.638,NA,3.06,0.232,0.171,244,2.16,7.59,30.6,1687,1860,4.74,66.2,,,,,,,,,,,,,
9/27/11,outflow_2,outflow,1044,43,NA,4.389,29.16,NA,3.41,0.191,0.142,275,2.37,7.59,30.6,1687,1860,4.74,66.2,,,,,,,,,,,,,
9/27/11,outflow_3,outflow,1046,2256,NA,4.147,10.03,NA,3.32,0.241,0.128,224,2.08,7.59,30.6,1687,1860,4.74,66.2,,,,,,,,,,,,,
9/27/11,m_1_e,shore,1061,1047,NA,1.079,14.59,NA,0.0231,0.00399,0.0201,401,2.14,7.4,13.5,1877,2359,2.83,28.2,,,,,,,,,,,,,
9/27/11,m_4_n,shore,1048,18,NA,1.24,17.37,NA,0.0108,0.00348,0.0815,322,1.96,7.48,25.1,2006,2044,1.81,23.2,,,,,,,,,,,,,
9/27/11,m_4_s,shore,1041,2192,NA,0.8829,11.38,NA,0.0133,0.00243,0.0267,287,1.28,7.66,22.3,1857,1895,4.1,51.5,,,,,,,,,,,,,
9/27/11,m_1_e,water,1060,10242,NA,6.443,6.591,NA,4.76,0.218,0.914,203,2.31,7.37,13.3,1322,1670,3.35,32.7,,,,,,,,,,,,,
9/27/11,m_4_n,water,1047,10059,NA,4.801,8.245,NA,4.03,0.228,0.337,311,2.26,7.78,32,1694,1940,5.19,80,,,,,,,,,,,,,
9/27/11,m_4_s,water,1042,2283,NA,5.005,8.662,NA,4.19,0.279,0.506,248,1.23,7.63,26.7,1681,1777,4.48,56.7,,,,,,,,,,,,,
11/27/11,inflow_1,inflow,1083,442,NA,8.297,5.999,NA,5.09,0.407,1.81,223,2.73,7.29,14,1261,1456,4.12,46.7,,,,,,,,,,,,,
11/27/11,inflow_2,inflow,1087,10205,NA,8.222,5.826,NA,5.32,0.444,1.82,222,2.96,7.4,14.1,1299,1475,4.17,47.8,,,,,,,,,,,,,
11/27/11,inflow_3,inflow,1088,26,NA,8.203,5.852,NA,4.97,0.4,1.76,248,3.55,7.32,15,1291,1469,3.69,42.2,,,,,,,,,,,,,
11/27/11,outflow_1,outflow,1084,10247,NA,5.208,5.34,NA,3.37,0.237,1.06,222,2.1,7.4,18.1,1385,1545,3.73,41.4,,,,,,,,,,,,,
11/27/11,outflow_2,outflow,1085,2027,NA,5.098,5.46,NA,3.06,0.215,1.01,222,2.04,7.54,18.4,1374,1519,4.2,47.8,,,,,,,,,,,,,
11/27/11,outflow_3,outflow,1086,21,NA,4.917,5.203,NA,3.27,0.236,1.03,222,2.16,7.54,17.6,1331,1520,3.95,46.1,,,,,,,,,,,,,
11/27/11,m_1_e,shore,1069,34,NA,1.599,11.83,NA,0.0143,0.00931,0.673,537,3.02,7.12,16.4,958,1134,1.34,12.2,,,,,,,,,,,,,
11/27/11,m_4_s,shore,1071,2109,NA,0.5549,5.761,NA,0.0192,0.00385,0.0137,382,3.2,7.06,14.7,1429,1777,4.48,44.9,,,,,,,,,,,,,
11/27/11,m_4_n,shore,1072,10049,NA,0.7593,9.503,NA,0.00602,0.00415,0.0354,490,2.63,7.03,12.8,1781,2329,1.16,11,,,,,,,,,,,,,
11/27/11,m_4_n,water,1063,2028,NA,5.694,17.3,NA, ,0.225, ,254,2.8,7.42,11.3,1135,1529,3.69,34.1,,,,,,,,,,,,,
11/27/11,m_1_e,water,1067,2226,NA,6.904,6.097,NA,3.68,0.273,1.37,311,3.49,7.33,19.5,1373,1520,2.75,30.1,,,,,,,,,,,,,
11/27/11,m_4_s,water,1070,10172,NA,5.203,5.892,NA,3.49,0.213,1.17,312,2.82,7.43,15.9,1278,1538,3.34,34.1,,,,,,,,,,,,,
1/25/12,inflow_1,inflow,1086,2157,NA,5.614,6.337,NA,2.47,0.218,1.36,1120,15.5,7.56,20.3,1357,1501,4.48,49.9,,,,,,,,,,,,,
1/25/12,inflow_2,inflow,1088,447,NA,5.027,6.105,NA,2.89,0.256,1.53,947,14.6,7.56,20.3,1357,1501,4.48,49.9,,,,,,,,,,,,,
1/25/12,inflow_3,inflow,1090,10206,NA,5.198,6.087,NA,3.03,0.263,1.63,1250,14.6,7.56,20.3,1357,1501,4.48,49.9,,,,,,,,,,,,,
1/25/12,outflow_1,outflow,1087,10114,NA,7.656,5.93,NA,5.28,0.24,0.834,1050,17.6,8.03,14.3,1200,1505,6.31,56.8,,,,,,,,,,,,,
1/25/12,outflow_2,outflow,1089,68,NA,7.437,6.305,NA,6.14,0.288,0.97,977,18.1,8.03,14.3,1200,1505,6.31,56.8,,,,,,,,,,,,,
1/25/12,outflow_3,outflow,1091,322,NA,8.295,5.943,NA,5.52,0.253,0.914,1110,18.8,8.03,14.3,1200,1505,6.31,56.8,,,,,,,,,,,,,
1/25/12,m_1_e,shore,1093,33,NA,1.632,11.92,NA,0.0865,0.0189,0.49,1520,10.6,6.97,6.2,1455,2252,1.76,15.3,,,,,,,,,,,,,
1/25/12,m_4_n,shore,1101,345,NA,0.8525,10.58,NA,0.00961,0.00492,0.0507,4720,35.2,7.12,7.6,1465,2175,3.51,32.7,,,,,,,,,,,,,
1/25/12,m_4_s,shore,1107,63,NA,0.7597,6.583,NA,0.048,0.00532,0.0763,2490,35.2,7.21,7.5,1063,1601,1.77,14.8,,,,,,,,,,,,,
1/25/12,m_1_e,water,1092,2300,NA,6.279,6.209,NA,3.25,0.263,1.18,1340,13,7.46,17.1,1268,1487,3.58,37.5,,,,,,,,,,,,,
1/25/12,m_4_n ,water,1102,1066,NA,8.516,6.027,NA,5.45,0.248,0.816,2020,25.1,7.48,14.5,1217,1524,4.27,43,,,,,,,,,,,,,
1/25/12,m_4_s,water,1106,10191,NA,8.431,6.12,NA,4.52,0.254,0.67,2080,20.5,7.39,13.6,1179,1520,3.36,33.1,,,,,,,,,,,,,
3/7/12,inflow_1,inflow,1119,2255,NA,5.285,6.61,NA,2.53,0.26,1.88,300,2.62,7.16,21.9,1573,1670,2.88,33.3,,,,,,,,,,,,,
3/7/12,inflow_2,inflow,1129,18,NA,5.345,6.685,NA,2.88,0.327,1.92,300,2.29,7.16,21.9,1573,1670,2.88,33.3,,,,,,,,,,,,,
3/7/12,inflow_3,inflow,1136,10218,NA,3.719,6.735,NA,2.95,0.319,2,321,2.6,7.16,21.9,1573,1670,2.88,33.3,,,,,,,,,,,,,
3/7/12,outflow_1,outflow,1117,10161,NA,4.078,25.78,NA,2.06,0.221,1.01,243,2.7,7.55,18,1442,1665,5.05,54.4,,,,,,,,,,,,,
3/7/12,outflow_2,outflow,1120,10257,NA,5.4,6.561,NA,2.07,0.227,1.01,304,2.73,7.55,18,1442,1665,5.05,54.4,,,,,,,,,,,,,
3/7/12,outflow_3,outflow,1122,5013,NA,3.738,6.847,NA,1.94,0.212,0.976,323,2.8,7.55,18,1442,1665,5.05,54.4,,,,,,,,,,,,,
3/7/12,m_4_s,shore,1123,10139,NA,0.8332,8.743,NA,0.0736,0.00692,0.0617,231,2.94,7.06,9.7,1216,1716,0.37,2.8,,,,,,,,,,,,,
3/7/12,m_1_e,shore,1130,10097,NA,1.038,12.33,NA,0.043,0.00973,0.0869,550,3.41,7.23,8.8,1759,2554,1.2,10.6,,,,,,,,,,,,,
3/7/12,m_4_n,shore,1133,450,NA,0.7653,9.772,NA,0.00549,0.00389,0.0158,358,3.2,7.41,8,1342,1994,0.98,7.8,,,,,,,,,,,,,
3/7/12,m_4_s,water,1121,2323,NA,3.945,6.804,NA,2.21,0.249,1.27,212,2.11,7.56,17.2,1433,1687,4.29,45.5,,,,,,,,,,,,,
3/7/12,m_1_e,water,1131,10080,NA,4.637,6.71,NA,2.31,0.278,1.64,195,2.3,7.34,19.6,1500,1667,3.27,31,,,,,,,,,,,,,
3/7/12,m_4_n,water,1138,355,NA,3.802,6.809,NA,2.1,0.231,1.15,293,2.99,7.53,17.2,1423,1670,3.38,35.5,,,,,,,,,,,,,
5/7/12,inflow_1,inflow,1159,10029,NA,4.476,23.29,NA,2.91, ,0.636,1540,15.1,7.73,30.7,2191,1980,4.98,67.1,,,,,,,,,,,,,
5/7/12,inflow_2,inflow,1162,10087,NA,4.543,23.89,NA,2.88, ,0.727,1250,16.7,7.73,30.7,2191,1980,4.98,67.1,,,,,,,,,,,,,
5/7/12,inflow_3,inflow,1163,2230,NA,4.514,19.23,NA,2.88, ,0.63,1520,15.7,7.34,26.4,1793,1745,6.04,76,,,,,,,,,,,,,
5/7/12,outflow_1,outflow,1160,10191,NA,2.901,21.98,NA,1.89, ,0.0573,1430,14,8.08,26.5,1815,1763,11.8,149.4,,,,,,,,,,,,,
5/7/12,outflow_2,outflow,1161,5014,NA,2.878,21.43,NA,1.63, ,0.0497,1620,14.8,8.08,26.5,1815,1763,11.8,149.4,,,,,,,,,,,,,
5/7/12,outflow_3,outflow,1164,2073,NA,3.009,22.51,NA,2.37, ,0.0617,2070,10.7,8.08,26.5,1815,1763,11.8,149.4,,,,,,,,,,,,,
5/7/12,m_1_e,shore,1148,10216,NA,1.655,53.62,NA,0, ,0.0836,2090,21.6,7.16,15.2,2161,2653,0.58,5.4,,,,,,,,,,,,,
5/7/12,m_4_s,shore,1150,2065,NA,0.8749,36.86,NA,0, ,0.0322,1520,15.2,7.1,21,1738,1894,2.72,29.6,,,,,,,,,,,,,
5/7/12,m_4_n,shore,1156,10197,NA,1.077,43.17,NA,0, ,0.0000845,1630,20.5,7.04,16.9,1723,2050,10.75,111.3,,,,,,,,,,,,,
5/7/12,m_1_e,water,1143,2190,NA,3.871,26.41,NA,3.02, ,0.675,1120,16.7,7.36,25.7,1752,1776,4.68,60.4,,,,,,,,,,,,,
5/7/12,m_4_n,water,1152,10243,NA,3.371,24.83,NA,2.73, ,0.328,1330,15.9,7.67,26.4,1830,1778,6.15,77.1,,,,,,,,,,,,,
5/7/12,m_4_s,water,1154,2298,NA,3.333,19.37,NA,2.36, ,0.105,1070,14.2,7.88,27.6,1362,1774,7.7,90,,,,,,,,,,,,,
7/31/12,inflow_1,inflow,1504,1504,5.1,13.17,6.266636914,NA,3.62,0.128,0.805,225,2.41,7.08,30.4,2092,1892,2.32,27.4,,,,,,,,,,,,,
7/31/12,inflow_2,inflow,1501,1501,NA,12.35,6.159517304,NA,3.77,0.116,0.818,221,2.35,7.08,30.4,2092,1892,2.32,27.4,,,,,,,,,,,,,
7/31/12,inflow_3,inflow,1505,1505,5.44,12.058,6.169859887,NA,3.92,0.13,0.862,229,2.15,7.33,31.9,2175,1924,9.76,135,,,,,,,,,,,,,
7/31/12,outflow_1,outflow,1503,1503,5.2,9.624,6.146219698,NA,3.55,0.149,0.32,204,2.2,7.7,31.9,2218,1963,6.21,88.3,,,,,,,,,,,,,
7/31/12,outflow_2,outflow,1500,1500,5.14,10.474,6.221572802,NA,3.25,0.147,0.281,199,2.06,7.7,31.9,2218,1963,6.21,88.3,,,,,,,,,,,,,
7/31/12,outflow_3,outflow,1502,1502,NA,9.34,6.24742926,NA,2.61,0.131,0.266,164,2.15,7.7,31.9,2218,1963,6.21,88.3,,,,,,,,,,,,,
7/31/12,m_1_e,shore,1510,1510,NA,NA,24.69785854,NA,0.0327,0.0134,0.127,272,3.3,6.94,26.6,3103,3016,0.06,0.7,,,,,,,,,,,,,
7/31/12,m_4_n,shore,1521,1521,NA,NA,21.90905492,NA,0.0244,0.0201,0.0447,240,3.05,7.04,25,2597,2600,0.16,2,,,,,,,,,,,,,
7/31/12,m_4_s,shore,1524,1524,NA,NA,12.23356854,NA,0,0.00713,0.0219,161,2.14,7.04,25.5,2160,2136,0.12,1.6,,,,,,,,,,,,,
7/31/12,m_1_e,water,1511,1511,NA,NA,6.166904864,NA,3.36,0.151,0.534,185,2.42,7.35,31.6,2173,1931,6.42,88.7,,,,,,,,,,,,,
7/31/12,m_4_n,water,1515,1515,NA,NA,6.663348847,NA,2.24,0.122,0.378,216,2.09,7.58,30.7,2208,1993,2.73,36.8,,,,,,,,,,,,,
7/31/12,m_4_s,water,1522,1522,NA,NA,6.272546961,NA,2.78,0.127,0.26,143,1.95,7.73,30.7,2191,1980,4.98,67.1,,,,,,,,,,,,,
9/28/12,inflow_1,inflow,1530,10086,2.62,10.086,15.95,NA,4.07,0.278,0.933,299,2.54,7.31,22.5,1766,1844,4.4,48.2,,,,,,,,,,,,,
9/28/12,inflow_2,inflow,1531,2181,2.68,11.318,16.43,NA,4.04,0.275,0.909,334,2.45,7.31,22.5,1766,1844,4.4,48.2,,,,,,,,,,,,,
9/28/12,inflow_3,inflow,1532,10072,2.76,10.5,15.34,NA,3.17,0.212,0.808,356,2.52,7.55,31.2,1913,2160,6.23,88.8,,,,,,,,,,,,,
9/28/12,outflow_1,outflow,1533,10174,2.29,8.782,15.53,NA,1.75,0.117,0.383,401,2.31,7.74,31.3,1904,2127,5.6,80,,,,,,,,,,,,,
9/28/12,outflow_2,outflow,1534,1075,2.18,8.312,16.61,NA,2.39,0.158,0.441,263,2,7.74,31.3,1904,2127,5.6,80,,,,,,,,,,,,,
9/28/12,outflow_3,outflow,1535,2111,2.62,8.242,15.93,NA,2.26,0.145,0.42,349,2.19,7.74,31.3,1904,2127,5.6,80,,,,,,,,,,,,,
9/28/12,m_1_e,shore,1536,10052,NA,NA,26.12,NA,0.119,0.048,0.134,435,1.66,7,22.6,2702,2568,0.21,2.7,,,,,,,,,,,,,
9/28/12,m_4_n,shore,1538,10043,NA,NA,34.09,NA,0.0234,0.00924,0.087,569,2.42,6.96,21.5,2435,2626,0.11,1.1,,,,,,,,,,,,,
9/28/12,m_4_s,shore,1540,5006,NA,NA,16.46,NA,0.00841,0.0073,0.0612,441,2.26,6.97,22.3,1999,2100,0.24,3.2,,,,,,,,,,,,,
9/28/12,m_1_e,water,1537,10045,NA,NA,16.21,NA,2.55,0.168,0.77,303,2.35,7.31,30.3,2107,1916,5.22,65.4,,,,,,,,,,,,,
9/28/12,m_4_n,water,1539,5002,NA,NA,13.29,NA,3.07,0.2,0.645,380,2.57,7.26,29.3,1904,2059,2.75,33.7,,,,,,,,,,,,,
9/28/12,m_4_s,water,1541,2156,NA,NA,16.03,NA,2.27,0.15,0.534,399,2.39,7.08,30.4,2092,1892,2.32,27.4,,,,,,,,,,,,,
11/8/12,inflow_1,inflow,1542,10210,NA,NA,16.96,NA,3.59,0.271,1.37,378,2.96,7.32,16.7,1498,1780,0.72,7.5,,,,,,,,,,,,,
11/8/12,inflow_2,inflow,1543,10066,NA,NA,17.45,NA,3.4,0.267,1.37,379,2.96,7.32,16.7,1498,1780,0.72,7.5,,,,,,,,,,,,,
11/8/12,inflow_3,inflow,1544,15,NA,NA,16.82,NA,4.77,0.27,1.65,374,2.95,7.32,26.9,1935,1867,4.8,64,,,,,,,,,,,,,
11/8/12,outflow_1,outflow,1545,2153,NA,NA,17.49,NA,2.52,0.214,0.622,377,2.83,7.3,22.5,1764,1846,4.6,53.8,,,,,,,,,,,,,
11/8/12,outflow_2,outflow,1546,10214,NA,NA,18.24,NA,2.82,0.213,0.655,383,2.83,7.3,22.5,1764,1846,4.6,53.8,,,,,,,,,,,,,
11/8/12,outflow_3,outflow,1547,10114,NA,NA,17,NA,3.08,0.213,0.657,367,2.83,7.3,22.5,1764,1846,4.6,53.8,,,,,,,,,,,,,
11/8/12,m_1_e,shore,1548,346,NA,NA,24.46,NA,0.511,0.0906,0.205,554,2.8,6.9,13.9,2186,2651,1.8,20,,,,,,,,,,,,,
11/8/12,m_4_n,shore,1550,10056,NA,NA,30.08,NA,0,0.00358,0.0552,610,2.49,7.02,17.5,2048,2691,3.1,37,,,,,,,,,,,,,
11/8/12,m_4_s,shore,1552,36,NA,NA,20.83,NA,0.0251,0.000399,0.0666,458,2.46,7.13,12.1,1532,2100,2.6,27,,,,,,,,,,,,,
11/8/12,m_1_e,water,1549,10063,NA,NA,16.93,NA,3.64,0.277,1.24,384,2.82,7.27,25,1870,1856,3.5,43.3,,,,,,,,,,,,,
11/8/12,m_4_n,water,1551,10193,NA,NA,18.49,NA,2.91,0.172,0.461,388,2.9,7.6,22.2,1757,1849,2.14,25,,,,,,,,,,,,,
11/8/12,m_4_s,water,1553,2380,NA,NA,18,NA,3.35,0.217,0.752,378,2.83,7.31,22.5,1766,1844,4.4,48.2,,,,,,,,,,,,,
1/25/13,inflow_1,inflow,1565,2049,NA,12.756,14.66,5.726,3.53,0.358,1.59,NA,NA,6.98,20.9,1631,1770,4.13,46.6,,,,,,,,,,,,,
1/25/13,inflow_2,inflow,1561,2362,NA,13.776,11.91,5.68,3.09,0.371,1.45,NA,NA,6.98,20.9,1631,1770,4.13,46.6,,,,,,,,,,,,,
1/25/13,inflow_3,inflow,1555,10040,NA,13.454,15.34,5.708,3.27,0.374,1.5,NA,NA,6.98,20.9,1631,1770,4.13,46.6,,,,,,,,,,,,,
1/25/13,outflow_1,outflow,1567,10253,NA,11.356,10.43,5.154,3,0.337,1.58,NA,NA,7.07,18.1,1410,1624,3.1,36.5,,,,,,,,,,,,,
1/25/13,outflow_2,outflow,1564,10204,NA,11.292,13.48,4.992,2.08,0.327,1.24,NA,NA,7.07,18.1,1410,1624,3.1,36.5,,,,,,,,,,,,,
1/25/13,outflow_3,outflow,1560,2228,NA,12.144,14.24,5.306,2.94,0.343,1.53,NA,NA,7.07,18.1,1410,1624,3.1,36.5,,,,,,,,,,,,,
1/25/13,m_1_e,shore,1556,43,NA,NA,17.38,3.108,1.62,0.169,0.64,NA,NA,6.77,12.1,1218,1617,3,29,,,,,,,,,,,,,
1/25/13,m_4_n,shore,1563,10006,NA,NA,21.25,0.9297,,0.0182,,NA,NA,7.37,9.7,1640,2314,2.33,20.8,,,,,,,,,,,,,
1/25/13,m_4_s,shore,1557,2322,NA,NA,16.64,2.527,1.42,0.0664,0.105,NA,NA,6.95,10.4,1304,1807,2.8,26,,,,,,,,,,,,,
1/25/13,m_4_s,water,1559,2298,NA,NA,15.86,5.229,3.06,0.307,1.53,NA,NA,7.18,18.1,1540,1768,1.87,20.2,,,,,,,,,,,,,
1/25/13,m_1_e,water,1558,2236,NA,NA,14.79,5.877,3.14,0.401,1.43,NA,NA,6.96,22,1682,1785,6.06,64,,,,,,,,,,,,,
1/25/13,m_4_n,water,1562,2324,NA,NA,14.14,5.154,3.03,0.305,1.36,NA,NA,NA,16.7,1498,1780,0.72,7.5,,,,,,,,,,,,,
3/29/13,inflow_1,inflow,1570,345,NA,NA,21.32,5.635,4.09,0.301,1.3,18.7,3.05,7.37,24.4,1652,1671,5.11,61.3,,,,,,,,,,,,,
3/29/13,inflow_2,inflow,1571,106,NA,NA,19.58,5.516,2.46,0.184,0.944,16.8,3.01,7.37,24.4,1652,1671,5.11,61.3,,,,,,,,,,,,,
3/29/13,inflow_3,inflow,1572,10119,NA,NA,20.54,5.54,3.97,0.29,1.28,23.5,3.04,7.37,24.4,1652,1671,5.11,61.3,,,,,,,,,,,,,
3/29/13,outflow_1,outflow,1573,2221,NA,NA,20.83,4.561,3.95,0.272,0.66,11.4,3.02,7.3,23,1568,1632,8.4,86.4,,,,,,,,,,,,,
3/29/13,outflow_2,outflow,1574,442,NA,NA,20.67,4.688,3.97,0.278,0.667,12.5,2.33,7.3,23,1568,1632,8.4,86.4,,,,,,,,,,,,,
3/29/13,outflow_3,outflow,1575,2027,NA,NA,20.53,4.615,3.93,0.279,0.671,14.1,2.95,7.3,23,1568,1632,8.4,86.4,,,,,,,,,,,,,
3/29/13,m_1_e ,shore,1576,2190,NA,NA,69.43,3.498,0,0.0124,0.921,22.7,3.7,6.7,14.7,1969,2463,0.4,4.2,,,,,,,,,,,,,
3/29/13,m_4_s,shore,1580,2123,NA,NA,26.98,0.9918,0.0179,0.00359,0.129,15.1,3.33,7.01,12.7,1475,1930,0.4,3.8,,,,,,,,,,,,,
3/29/13,m_4_n ,shore,1578,10023,NA,NA,44.71,1.26,0,0.00556,,24.3,3.42,7.01,13.5,1926,2473,1.9,22.1,,,,,,,,,,,,,
3/29/13,m_4_n ,water,1579,2026,NA,NA,20.71,4.656,4.04,0.236,0.528,12.2,2.41,7.15,22.4,1596,1671,5.11,61.3,,,,,,,,,,,,,
3/29/13,m_4_s ,water,1581,10161,NA,NA,21.16,4.753,4.01,0.297,0.79,14.2,2.5,7.37,22.2,1585,1675,4.38,50.8,,,,,,,,,,,,,
3/29/13,m_1_e ,water,1577,10248,NA,NA,20.1,5.586,4.06,0.311,1.23,15.7,2.65,6.46,26.3,1717,1684,4.6,60.4,,,,,,,,,,,,,
5/14/13,inflow_1,inflow,1585,10168,3.17,4.536,19.16,4.371,1.46,0.252,1.53,14.3,2.36,NA,29.2,1664,1540,4.03,53.8,,,,,,,,,,,,,
5/14/13,inflow_2,inflow,1586,387,3.38,4.382,19.15,4.312,1.74,0.28,1.75,14.2,2.12,NA,29.2,1664,1540,4.03,53.8,,,,,,,,,,,,,
5/14/13,inflow_3,inflow,1587,1071,3.27,4.639,12.93,4.309,1.35,0.224,1.38,17.2,1.46,NA,29.2,1664,1540,4.03,53.8,,,,,,,,,,,,,
5/14/13,outflow_1,outflow,1582,10007,3.28,3.905,21.38,3.456,1.16,0.14,0.77,22.5,2.09,NA,29.7,1737,1598,7.63,102,,,,,,,,,,,,,
5/14/13,outflow_2,outflow,1583,10014,3.3,4.061,19.06,3.543,1.13,0.136,0.893,26.3,1.66,NA,29.7,1737,1598,7.63,102,,,,,,,,,,,,,
5/14/13,outflow_3,outflow,1584,10041,3.13,3.462,18.12,3.539,1.21,0.145,0.869,12.6,1.99,NA,29.7,1737,1598,7.63,102,,,,,,,,,,,,,
5/14/13,m_1_e ,shore,1588,10175,NA,NA,,0.941,0.0186,0.00707,0.107,24.1,2.72,6.66,19.4,2284,2591,0.33,5,,,,,,,,,,,,,
5/14/13,m_4_s,shore,1591,22,NA,NA,34.65,1.199,0.00762,0.00758,0.0271,17.5,2.84,NA,19.7,1585,1740,0.37,5.1,,,,,,,,,,,,,
5/14/13,m_4_n ,shore,1592,390,NA,NA,58.95,1.573,0.0119,0.194,0.0495,25.5,2.8,NA,22.3,1153,1170,1.12,10.5,,,,,,,,,,,,,
5/14/13,m_1_e ,water,1589,104,NA,NA,24.31,5.297,1.17,0.163,1.51,18.7,1.45,6.89,27.5,1623,1559,3.74,50.5,,,,,,,,,,,,,
5/14/13,m_4_s ,water,1590,2386,NA,NA,14.63,3.384,1.02,0.127,1.09,16.4,1.5,NA,28.1,1695,1595,3.06,39.5,,,,,,,,,,,,,
5/14/13,m_4_n ,water,1593,10128,NA,NA,15.44,3.709,0.957,2.22,0.745,14.7,2.12,NA,28.5,1714,1606,2.29,29.8,,,,,,,,,,,,,
7/3/13,inflow_1,inflow,1594,10162,2.77,5.252,11.22,4.18,7.18,0.208,0.6272,0.205,1.8,7.03,31,2169,1945,8.12,106,,,,,,,,,,,,,
7/3/13,inflow_2,inflow,1595,2026,2.91,5.43,10.94,4.217,7.09,0.206,0.63,0.171,2.28,7.03,31,2169,1945,8.12,106,,,,,,,,,,,,,
7/3/13,inflow_3,inflow,1596,2300,2.78,5.309,11.97,4.219,8.09,0.23,0.691,0.213,1.85,7.03,31,2169,1945,8.12,106,,,,,,,,,,,,,
7/3/13,outflow_1,outflow,1597,10207,2.53,4.687,11.2,3.528,5.75,0.151,0.452,0.212,2.12,7.24,30.8,2181,1965,6.45,89.2,,,,,,,,,,,,,
7/3/13,outflow_2,outflow,1598,10047,2.42,5.485,10.55,3.472,7.41,0.181,0.467,0.155,2.17,7.24,30.8,2181,1965,6.45,89.2,,,,,,,,,,,,,
7/3/13,outflow_3,outflow,1599,10230,2.68,4.812,9.864,3.599,7.31,0.177,0.45,0.212,2.14,7.24,30.8,2181,1965,6.45,89.2,,,,,,,,,,,,,
7/3/13,m_1_e ,shore,1600,5000,NA,NA,49.56,2.989,-0.0497,0.0127,,0.32,2.76,6.44,24.5,3139,3163,0.38,4.2,,,,,,,,,,,,,
7/3/13,m_4_s,shore,1602,2363,NA,NA,20.9,1.096,-0.0581,0.00787,0.0963,23.4,2.66,6.59,25.8,2105,2132,0.13,1.8,,,,,,,,,,,,,
7/3/13,m_4_n ,shore,1604,10063,NA,NA,43.86,2.009,-0.0355,0.0113,0.0733,24.7,2.86,6.57,28,2922,2762,0.19,2.5,,,,,,,,,,,,,
7/3/13,m_1_e ,water,1601,10232,NA,NA,11.49,4.589,8.3,0.239,,0.2,1.77,6.88,30,2181,1965,4.98,66.2,,,,,,,,,,,,,
7/3/13,m_4_s ,water,1603,10122,NA,NA,10.14,3.669,8.01,0.202,0.37,22.6,2.18,7.14,30.9,2163,1947,5.98,80.01,,,,,,,,,,,,,
7/3/13,m_4_n ,water,1605,10144,NA,NA,11.99,4.008,8.15,0.174,0.297,21.3,1.92,7.3,31.5,2203,1961,3.17,44.6,,,,,,,,,,,,,
9/4/13,inflow_1,inflow,1606,106,2.75,6.163,6.771,5.113,4.01,0.395,1.11,NA,NA,6.81,32.1,NA,NA,3.47,47.4,,,,,,,,,,,,,
9/4/13,inflow_2,inflow,1607,10249,2.89,5.73,11.28,5.194,4.03,0.391,1.08,NA,NA,6.81,32.1,NA,NA,3.47,47.4,,,,,,,,,,,,,
9/4/13,inflow_3,inflow,1608,2243,2.83,5.838,6.809,5.033,4.02,0.39,,NA,NA,6.81,32.1,NA,NA,3.47,47.4,,,,,,,,,,,,,
9/4/13,outflow_1,outflow,1609,322,2.58,5.483,6.891,4.64,3.86,0.298,0.727,NA,NA,6.76,31.2,NA,NA,2.19,30.1,,,,,,,,,,,,,
9/4/13,outflow_2,outflow,1610,1034,2.84,5.568,6.963,4.739,3.83,0.299,0.728,NA,NA,6.76,31.2,NA,NA,2.19,30.1,,,,,,,,,,,,,
9/4/13,outflow_3,outflow,1611,10060,2.75,5.552,6.687,4.59,3.89,0.3,0.73,NA,NA,6.76,31.2,NA,NA,2.19,30.1,,,,,,,,,,,,,
9/4/13,m_1_e ,shore,1612,425,NA,NA,48.84,3.612,-0.014,0.0207,,NA,NA,6.74,26.4,4411,NA,0.42,5.9,,,,,,,,,,,,,
9/4/13,m_4_s ,shore,1614,10104,NA,NA,17.1,1.117,-0.00752,0.003,0.0632,NA,NA,6.63,25.6,NA,NA,0.17,2.4,,,,,,,,,,,,,
9/4/13,m_4_n,shore,1616,10080,NA,NA,36.19,2.112,0.00237,0.0184,0.0255,NA,NA,6.73,26.3,4317,NA,0.17,3.1,,,,,,,,,,,,,
9/4/13,m_1_e ,water,1613,10122,NA,NA,6.731,5.043,4.09,0.401,1.2,NA,NA,6.79,31.7,NA,NA,3.44,46.7,,,,,,,,,,,,,
9/4/13,m_4_s ,water,1615,2230,NA,NA,6.85,4.463,3.93,0.325,0.772,NA,NA,6.75,31.6,6285,2114,2.21,34.1,,,,,,,,,,,,,
9/4/13,m_4_n,water,1617,10018,NA,NA,9.713,4.3,3.72,0.216,0.543,NA,NA,6.46,31.7,2119,1876,0.91,13.4,,,,,,,,,,,,,
11/25/13,inflow_1,inflow,1618,2061,2.87,7.961,18.94,7.287,4.11,0.269,1.39,NA,7.48,7.25,19.48,1436,NA,6.56,72,,,,,,,,,,,,,
11/25/13,inflow_2,inflow,1619,10056,2.89,8.307,18.07,7.265,3.59,0.235,1.26,NA,4.02,7.25,19.48,1436,NA,6.56,72,,,,,,,,,,,,,
11/25/13,inflow_3,inflow,NA,NA,NA,NA,NA,NA,NA,NA,NA,NA,NA,7.25,19.48,1436,NA,6.56,72,,,,,,,,,,,,,
11/25/13,outflow_1,outflow,1621,15,2.88,8.348,20.94,6.653,4.25,0.315,0.96,NA,7.21,7.25,17.27,1404,NA,6.85,72,,,,,,,,,,,,,
11/25/13,outflow_2,outflow,1622,104,2.98,7.51,21.19,6.855,3.43,0.258,0.895,NA,3.48,7.25,17.27,1404,NA,6.85,72,,,,,,,,,,,,,
11/25/13,outflow_3,outflow,1623,71,2.74,6.937,19,7.09,3.81,0.286,0.909,NA,2.69,7.25,17.27,1404,NA,6.85,72,,,,,,,,,,,,,
11/25/13,m_1_e ,shore,1624,10068,NA,NA,77.41,4.223,0.0348,0.0429,1.9,NA,NA,7.4,7.79,3614,NA,3.61,32.6,,,,,,,,,,,,,
11/25/13,m_4_s ,shore,1626,78,NA,NA,47.49,2.723,0.014,0.00439,0.949,NA,10.3,6.85,6.76,1826,NA,0.91,7.7,,,,,,,,,,,,,
11/25/13,m_4_n,shore,1628,2195,NA,NA,59.83,1.99,-0.00453,0.00853,0.202,NA,NA,7.14,5.87,2300,NA,3.9,31.5,,,,,,,,,,,,,
11/25/13,m_1_e ,water,1625,2057,NA,NA,20.85,7.061,3.84,0.265,1.32,NA,4.16,7.3,20.63,1435,NA,5.85,65.2,,,,,,,,,,,,,
11/25/13,m_4_s ,water,1627,10130,NA,NA,21.71,6.943,3.88,0.253,1.09,NA,6.89,7.18,17.27,1424,NA,4.4,47,,,,,,,,,,,,,
11/25/13,m_4_n,water,1629,10098,NA,NA,19.57,7.09,4.47,0.32,1.01,NA,NA,7.25,13.07,1528,NA,4.52,42.9,,,,,,,,,,,,,
1/15/14,inflow_1,inflow,1630,10144,NA,NA,18.26,4.699,2.71,2.78,1.46,0.315,0.185,7.01,18.72,1440,NA,6.35,68.9,,,,,,,,,,,,,
1/15/14,inflow_2,inflow,1631,203,NA,NA,13.09,4.736,2.79,2.78,1.47,0.154,0.186,7.01,18.72,1440,NA,6.35,68.9,,,,,,,,,,,,,
1/15/14,inflow_3,inflow,1632,2362,NA,NA,15.14,4.701,2.66,2.6,1.43,0.116,0.154,7.01,18.72,1440,NA,6.35,68.9,,,,,,,,,,,,,
1/15/14,outflow_1,outflow,1633,2191,NA,NA,15.65,4.633,3.39,3.49,0.918,0.318,0.196,7.16,15.51,1461,NA,9.54,93.2,,,,,,,,,,,,,
1/15/14,outflow_2,outflow,1634,10093,NA,NA,11.58,4.692,3.37,3.39,0.913,0.16,0.213,7.16,15.51,1461,NA,9.54,93.2,,,,,,,,,,,,,
1/15/14,outflow_3,outflow,1635,2010,NA,NA,19.86,4.743,2.7,2.74,0.853,0.166,0.212,7.16,15.51,1461,NA,9.54,93.2,,,,,,,,,,,,,
1/15/14,m_1_e ,shore,1636,2285,NA,NA,56.87,1.324,0.035,0.0343,0.0223,0.615,0.265,6.99,8.5,3055,NA,4.43,39.5,,,,,,,,,,,,,
1/15/14,m_4_s ,shore,1638,10129,NA,NA,23.2,0.8269,0.0251,0.0285,0.0896,0.238,0.213,7.15,6.64,1666,NA,2.98,23.1,,,,,,,,,,,,,
1/15/14,m_4_n,shore,1640,2302,NA,NA,37.16,1.058,0.0161,0.0165,0.0908,0.345,0.276,6.95,7.19,2376,NA,1.63,13,,,,,,,,,,,,,
1/15/14,m_1_e ,water,1637,2230,NA,NA,14.61,4.902,3.58,3.4,1.75,0.136,0.195,6.79,19.25,1442,NA,6.13,66.4,,,,,,,,,,,,,
1/15/14,m_4_s ,water,1639,443,NA,NA,13.13,4.667,2.85,2.75,1.02,0.143,0.184,6.89,16.37,1449,NA,7.34,75.1,,,,,,,,,,,,,
1/15/14,m_4_n,water,1641,10205,NA,NA,13.16,4.633,3.92,4.05,1.1,0.162,0.204,6.63,16.53,1453,NA,1.98,0.73,,,,,,,,,,,,,
3/20/14,inflow_1,inflow,1642,10178,2.96,6.581,20.4,5.548,1.68,0.63,2.02,0.275,0.236,7.33,22.1,1581,1673,6.1,70,,,,,,,,,,,,,
3/20/14,inflow_2,inflow,1643,2227,2.93,5.951,19.92,5.416,1.6,0.274,1.97,0.329,0.227,7.33,22.1,1581,1673,6.1,70,,,,,,,,,,,,,
3/20/14,inflow_3,inflow,1644,10056,2.86,5.92,22.01,5.49,1.8,0.299,2.18,0.298,0.238,7.33,22.1,1581,1673,6.1,70,,,,,,,,,,,,,
3/20/14,outflow_1,outflow,1645,2061,2.79,5.613,22.45,4.845,1.36,0.237,1.46,0.317,0.246,7.56,20.4,1512,1654,7.2,79,,,,,,,,,,,,,
3/20/14,outflow_2,outflow,1646,10069,2.9,5.454,20.85,4.975,1.35,0.241,1.5,0.209,0.243,7.56,20.4,1512,1654,7.2,79,,,,,,,,,,,,,
3/20/14,outflow_3,outflow,1647,2088,2.84,5.181,17.06,4.882,1.82,0.329,1.74,0.257,0.247,7.56,20.4,1512,1654,7.2,79,,,,,,,,,,,,,
3/20/14,m_1_e ,shore,1648,10095,NA,NA,63.38,1.92,-0.00461,0.00968,0.101,0.825,0.414,7.37,12.5,2555,3339,1.5,16,,,,,,,,,,,,,
3/20/14,m_4_s ,shore,1650,2132,NA,NA,35.38,1.13,0.00254,0.00798,0.0642,0.379,0.284,7.31,10.3,1364,1604,0.6,6,,,,,,,,,,,,,
3/20/14,m_4_n,shore,1652,10185,NA,NA,47.5,1.58,0.026,0.00827,0.042,0.559,0.342,7.3,10.8,1893,2568,0.86,8,,,,,,,,,,,,,
3/20/14,m_1_e ,water,1649,10220,NA,NA,18.58,5.704,2.26,0.364,2.28,0.302,0.253,7.32,22.4,1597,1680,5.5,63,,,,,,,,,,,,,
3/20/14,m_4_s ,water,1651,10115,NA,NA,21.59,5.248,1.84,0.353,2.04,0.322,0.252,7.6,20.1,1498,1651,7.5,86,,,,,,,,,,,,,
3/20/14,m_4_n,water,1653,2046,NA,NA,21.75,4.588,2.46,0.385,1.02,0.319,0.258,7.09,20.2,1506,1662,1.2,13,,,,,,,,,,,,,
5/12/14,inflow_1,inflow,1654,2061,3.03,5.177,19.28,3.098,1.95,0.0935,0.321,0.124,1.73,7.81,26.6,1612,1658,9.2,112,,,,,,,,,,,,,
5/12/14,inflow_2,inflow,1655,10121,3.23,4.992,20.49,3.051,1.86,0.0845,0.316,0.138,2.22,7.81,26.6,1612,1658,9.2,112,,,,,,,,,,,,,
5/12/14,inflow_3,inflow,1656,2104,3.07,5.285,19.57,3.08,2.54,0.119,0.358,0.159,2.07,7.81,26.6,1612,1658,9.2,112,,,,,,,,,,,,,
5/12/14,outflow_1,outflow,1663,10056,2.58,3.748,19.8,2.234,1.6,0.0579,0.159,0.172,1.78,7.55,22.9,1608,1679,6.6,80,,,,,,,,,,,,,
5/12/14,outflow_2,outflow,1664,203,2.63,4.007,19.64,2.3,1.97,0.072,0.176,0.192,1.95,7.55,22.9,1608,1679,6.6,80,,,,,,,,,,,,,
5/12/14,outflow_3,outflow,1665,10127,2.69,3.874,20.12,2.147,1.47,0.0559,0.149,0.154,1.77,7.55,22.9,1608,1679,6.6,80,,,,,,,,,,,,,
5/12/14,m_1_e ,shore,1657,10220,NA,NA,64.02,1.871,0.0218,0.0126,0.223,0.433,5.14,7.45,19,2686,3185,0.3,3,,,,,,,,,,,,,
5/12/14,m_4_s ,shore,1661,389,NA,NA,29.94,0.9826,0.00638,0.00897,0.122,0.234,1.72,7.2,4.1,1536,1897,0.3,2,,,,,,,,,,,,,
5/12/14,m_4_n,shore,1659,10144,NA,NA,52.66,1.376,0.0141,-0.00464,0.0656,0.262,3.5,7.33,15.8,2034,2468,0.2,2,,,,,,,,,,,,,
5/12/14,m_1_e ,water,1658,2132,NA,NA,20.82,3.217,1.92,0.0942,0.447,0.165,1.97,7.51,24.1,1631,1661,7.2,74,,,,,,,,,,,,,
5/12/14,m_4_s ,water,1662,2298,NA,NA,21.27,2.338,1.26,0.0486,0.142,0.116,1.69,7.54,22.6,1603,1678,5.9,68,,,,,,,,,,,,,
5/12/14,m_4_n,water,1660,10095,NA,NA,20.29,2.034,1.3,0.0559,0.193,0.149,2.34,7.05,22.9,1626,1695,1.4,17,,,,,,,,,,,,,
7/23/14,inflow_1,inflow,1666,63,1.558,3.757,NA,NA,3.11,NA,0.986,NA,0.273,7.47,31.7,2046,1813,2.9,7,,,,,,,,,,,,,
7/23/14,inflow_2,inflow,1667,10022,1.688,3.207,NA,NA,3.22,NA,1.01,NA,0.274,7.47,31.7,2046,1813,2.9,7,,,,,,,,,,,,,
7/23/14,inflow_3,inflow,1668,10107,1.73,6.6,NA,NA,3.21,NA,1.02,NA,0.275,7.47,31.7,2046,1813,2.9,7,,,,,,,,,,,,,
7/23/14,outflow_1,outflow,1669,2363,1.64,3.27,NA,NA,2.92,NA,0.765,NA,0.272,7.41,31.2,2021,1807,4.1,28,,,,,,,,,,,,,
7/23/14,outflow_2,outflow,1670,29,1.694,3.514,NA,NA,2.75,NA,0.739,NA,0.269,7.41,31.2,2021,1807,4.1,28,,,,,,,,,,,,,
7/23/14,outflow_3,outflow,1671,38,1.62,3.942,NA,NA,2.87,NA,0.766,NA,0.272,7.41,31.2,2021,1807,4.1,28,,,,,,,,,,,,,
7/23/14,m_1_e ,shore,1672,10208,NA,NA,NA,NA,0.00355,NA,0.0657,NA,0.0556,7.44,26.6,3334,3244,0.3,3,,,,,,,,,,,,,
7/23/14,m_4_s ,shore,1674,10186,NA,NA,NA,NA,0.00807,NA,0.0199,NA,0.104,7.31,26.9,2128,2053,0,0,,,,,,,,,,,,,
7/23/14,m_4_n,shore,1673,5005,NA,NA,NA,NA,0.00902,NA,0.15,NA,0.0904,7.38,25.8,3728,3675,0,0,,,,,,,,,,,,,
7/23/14,m_1_e ,water,1675,10241,NA,NA,NA,NA,3.18,NA,1.15,NA,0.272,7.3,31.5,2055,1826,6.3,85,,,,,,,,,,,,,
7/23/14,m_4_s ,water,1677,1051,NA,NA,NA,NA,2.74,NA,0.515,NA,0.274,7.32,31.3,2034,1815,3.3,55,,,,,,,,,,,,,
7/23/14,m_4_n,water,1676,10236,NA,NA,NA,NA,2.93,NA,0.88,NA,0.279,7.38,31.3,2052,1832,1.4,18,,,,,,,,,,,,,
9/29/14,inflow_1,inflow,1678,2323,2.827,6.194,NA,NA,3.93,NA,1.35,NA,218,7.22,28.8,1686,1570,3.2,40,,,,,,,,,,,,,
9/29/14,inflow_2,inflow,1679,10199,2.664,6.565,NA,NA,3.93,NA,1.33,NA,208,7.22,28.8,1686,1570,3.2,40,,,,,,,,,,,,,
9/29/14,inflow_3,inflow,1680,10018,2.682,6.75,NA,NA,4.13,NA,1.34,NA,200,7.22,28.8,1686,1570,3.2,40,,,,,,,,,,,,,
9/29/14,outflow_1,outflow,1681,1094,3.179,6.244,NA,NA,2.81,NA,0.993,NA,215,7.33,27.8,1773,1685,4,49,,,,,,,,,,,,,
9/29/14,outflow_2,outflow,1682,10171,2.737,6.082,NA,NA,3.46,NA,1.13,NA,230,7.33,27.8,1773,1685,4,49,,,,,,,,,,,,,
9/29/14,outflow_3,outflow,1683,71,2.942,6.725,NA,NA,4.07,NA,1.22,NA,225,7.33,27.8,1773,1685,4,49,,,,,,,,,,,,,
9/29/14,m_1_e ,shore,1684,1005,NA,NA,NA,NA,0.00229,NA,0.565,NA,324,7.37,20.6,2853,3120,0.4,4,,,,,,,,,,,,,
9/29/14,m_4_s ,shore,1685,1052,NA,NA,NA,NA,0.00443,NA,0.476,NA,102,7.03,21.4,1629,1741,0,0,,,,,,,,,,,,,
9/29/14,m_4_n,shore,1686,104,NA,NA,NA,NA,-0.000179,NA,0.412,NA,295,7.18,20.6,2374,2586,0.2,2,,,,,,,,,,,,,
9/29/14,m_1_e ,water,1687,2088,NA,NA,NA,NA,3.45,NA,1.25,NA,179,7.23,29.2,1671,1546,3.2,43,,,,,,,,,,,,,
9/29/14,m_4_s ,water,1688,10085,NA,NA,NA,NA,3.09,NA,1.13,NA,232,7.34,28.3,1776,1670,3,39,,,,,,,,,,,,,
9/29/14,m_4_n,water,1689,2198,NA,NA,NA,NA,0.45,NA,1.26,NA,240,6.79,24.7,1736,1748,0.3,4,,,,,,,,,,,,,
11/17/14,inflow_1,inflow,1690,2200,3.506,8.048,NA,NA,3.59,0.27,1.46,NA,252,7.34,22.9,1293,1347,4.8,55,,,,,,,,,,,,,
11/17/14,inflow_2,inflow,1691,5017,2.991,7.791,NA,NA,3.25,0.252,1.42,NA,269,7.34,22.9,1293,1347,4.8,55,,,,,,,,,,,,,
11/17/14,inflow_3,inflow,1692,10115,3.371,8.196,NA,NA,3.7,0.286,1.51,NA,280,7.34,22.9,1293,1347,4.8,55,,,,,,,,,,,,,
11/17/14,outflow_1,outflow,1693,2344,3.38,6.719,NA,NA,3.29,0.28,1.25,NA,264,7.33,21,1263,1368,4.7,53,,,,,,,,,,,,,
11/17/14,outflow_2,outflow,1694,10085,2.975,6.412,NA,NA,3.46,0.294,1.26,NA,265,7.33,21,1263,1368,4.7,53,,,,,,,,,,,,,
11/17/14,outflow_3,outflow,1695,1005,3.041,6.452,NA,NA,3.28,0.281,1.23,NA,288,7.33,21,1263,1368,4.7,53,,,,,,,,,,,,,
11/17/14,m_1_e ,shore,1696,1052,NA,NA,NA,NA,0.184,0.0802,0.366,NA,329,7.08,10.2,1899,2644,0.9,,,,,,,,,,,,,,
11/17/14,m_4_s ,shore,1697,2198,NA,NA,NA,NA,0.0156,0.014,0.302,NA,165,7.09,10.8,1100,1510,1.7,12,,,,,,,,,,,,,
11/17/14,m_4_n,shore,1698,214,NA,NA,NA,NA,0.0153,0.0121,0.209,NA,239,7.26,10.1,1702,2380,0.4,10.1,,,,,,,,,,,,,
11/17/14,m_1_e ,water,1699,1016,NA,NA,NA,NA,3.78,0.293,1.53,NA,247,7.3,23.6,1321,1354,4.8,56,,,,,,,,,,,,,
11/17/14,m_4_s ,water,1700,2088,NA,NA,NA,NA,3.34,0.279,1.24,NA,263,7.44,21.2,1266,1368,4.2,48,,,,,,,,,,,,,
11/17/14,m_4_n,water,1701,104,NA,NA,NA,NA,3.51,0.311,0.825,NA,249,7.18,19,1702,1280,0.4,0.21,,,,,,,,,,,,,
1/20/15,inflow_1,inflow,1702,10044,NA,4.414,NA,NA,2.95,0.214,2.08,NA,279,7.46,20.4,1288,1413,5.3,59,,,,,,,,,,,,,
1/20/15,inflow_2,inflow,1703,2380,NA,4.308,NA,NA,2.85,0.208,2.04,NA,292,7.46,20.4,1288,1413,5.3,59,,,,,,,,,,,,,
1/20/15,inflow_3,inflow,1704,1018,NA,4.297,NA,NA,2.45,0.179,1.88,NA,288,7.46,20.4,1288,1413,5.3,59,,,,,,,,,,,,,
1/20/15,outflow_1,outflow,1705,10132,NA,4.307,NA,NA,3.2,0.239,1.18,NA,327,7.19,17.9,1249,1444,3.6,38,,,,,,,,,,,,,
1/20/15,outflow_2,outflow,1706,10087,NA,3.995,NA,NA,3.38,0.253,1.2,NA,321,7.19,17.9,1249,1444,3.6,38,,,,,,,,,,,,,
1/20/15,outflow_3,outflow,1707,10152,NA,4.274,NA,NA,3.59,0.269,1.23,NA,293,7.19,17.9,1249,1444,3.6,38,,,,,,,,,,,,,
1/20/15,m_1_e ,shore,1708,47,NA,1.704,NA,NA,0.215,0.0391,0.465,NA,368,7.22,8.4,1327,1940,6.8,59,,,,,,,,,,,,,
1/20/15,m_4_s ,shore,1709,10234,NA,0.8674,NA,NA,0.125,0.0321,0.0934,NA,192,6.91,8.2,1007,1480,0.5,4,,,,,,,,,,,,,
1/20/15,m_4_n,shore,1710,10191,NA,0.8818,NA,NA,0.00968,0.00583,-0.000951,NA,302,7.03,8.1,1335,1968,1.1,9,,,,,,,,,,,,,
1/20/15,m_1_e ,water,1711,2316,NA,4.559,NA,NA,2.7,0.199,2.04,NA,346,7.25,21,1300,1408,5.5,62,,,,,,,,,,,,,
1/20/15,m_4_s ,water,1712,10095,NA,4.389,NA,NA,3.54,0.274,1.58,NA,311,7.16,18,1249,1443,4.4,47,,,,,,,,,,,,,
1/20/15,m_4_n,water,1713,2153,NA,4.017,NA,NA,3.08,0.244,0.785,NA,308,7.21,17,1231,1451,1.4,14,,,,,,,,,,,,,
3/20/15,inflow_1,inflow,1714,2293,NA,5.591,NA,NA,2.35,0.326,2.14,NA,243,7.31,22,1546,1640,5.8,67,,,,,,,,,,,,,
3/20/15,inflow_2,inflow,1715,6,NA,4.778,NA,NA,2.02,0.287,2.01,NA,248,7.31,22,1546,1640,5.8,67,,,,,,,,,,,,,
3/20/15,inflow_3,inflow,1716,10039,NA,5.387,NA,NA,2.27,0.304,2.13,NA,271,7.31,22,1546,1640,5.8,67,,,,,,,,,,,,,
3/20/15,outflow_1,outflow,1717,303,NA,4.497,NA,NA,2.67,0.28,0.663,NA,224,7.26,20.8,1501,1635,6.3,70,,,,,,,,,,,,,
3/20/15,outflow_2,outflow,1718,17,NA,4.19,NA,NA,2.74,0.279,0.68,NA,201,7.26,20.8,1501,1635,6.3,70,,,,,,,,,,,,,
3/20/15,outflow_3,outflow,1719,10223,NA,4.732,NA,NA,2.79,0.273,0.671,NA,182,7.26,20.8,1501,1635,6.3,70,,,,,,,,,,,,,
3/20/15,m_1_e ,shore,1720,2236,NA,NA,NA,NA,0.0058,0.0123,3.42,NA,342,7.18,16,2186,2644,1.8,19,,,,,,,,,,,,,
3/20/15,m_4_s ,shore,1721,2243,NA,NA,NA,NA,0.00262,0.0124,2.36,NA,239,7.05,16.1,1559,1881,0.1,1,,,,,,,,,,,,,
3/20/15,m_4_n,shore,1722,5022,NA,NA,NA,NA,0.0221,0.0178,1.31,NA,270,7.05,15.7,1872,2282,0.2,2,,,,,,,,,,,,,
3/20/15,m_1_e ,water,1723,10135,NA,NA,NA,NA,2.67,0.34,2.45,NA,259,7.25,22.4,1562,1643,4.9,57,,,,,,,,,,,,,
3/20/15,m_4_s ,water,1724,10082,NA,NA,NA,NA,2.38,0.294,0.998,NA,169,7.35,20.7,1488,1621,6,67,,,,,,,,,,,,,
3/20/15,m_4_n,water,1725,75,NA,NA,NA,NA,2.67,0.189,0.586,NA,214,7.12,26,1500,1640,1.2,14,,,,,,,,,,,,,
5/11/15,inflow_1,inflow,8227,8227,3.917,5.385,NA,NA,1.74,0.219,0.494,17.9,240,7.67,25.2,1575,1568,8,98,,,,,,,,,,,,,
5/11/15,inflow_2,inflow,10055,10055,,4.711,NA,NA,1.44,0.21,0.416,15.5,193,7.67,25.2,1575,1568,8,98,,,,,,,,,,,,,
5/11/15,inflow_3,inflow,10023,10023,NA,NA,NA,NA,2.04,0.279,1.1,20.8,278,7.67,25.2,1575,1568,8,98,,,,,,,,,,,,,
5/11/15,outflow_1,outflow,1893,1893,3.78,3.458,NA,NA,1.28,0.117,0.158,18.5,241,7.76,24.2,1654,1679,7.2,86,,,,,,,,,,,,,
5/11/15,outflow_2,outflow,7651,7651,NA,3.396,NA,NA,1.14,0.124,0.156,16.9,244,7.76,24.2,1654,1679,7.2,86,,,,,,,,,,,,,
5/11/15,outflow_3,outflow,9240,9240,NA,NA,NA,NA,1.46,0.232,0.694,19.1,283,7.76,24.2,1654,1679,7.2,86,,,,,,,,,,,,,
5/11/15,m_1_e ,shore,6642,6642,NA,NA,NA,NA,0.112,0.167,0.993,28.9,455,7.38,18,2385,2756,0,0,,,,,,,,,,,,,
5/11/15,m_4_s ,shore,10124,10124,NA,NA,NA,NA,1.49,0.144,0.233,18.6,225,7.46,20.5,1569,1716,2.5,28,,,,,,,,,,,,,
5/11/15,m_4_n,shore,2320,2320,NA,NA,NA,NA,1.13,0.112,0.221,16.8,235,7.42,18.4,2350,2688,0.1,1,,,,,,,,,,,,,
5/11/15,m_1_e ,water,3857,3857,NA,NA,NA,NA,1.76,0.23,0.636,18.4,273,7.45,25.5,1726,1713,3.9,48,,,,,,,,,,,,,
5/11/15,m_4_s ,water,9749,9749,NA,NA,NA,NA,0,0.0045,0.0936,16.9,254,7.58,24.7,1688,1697,5.8,60,,,,,,,,,,,,,
5/11/15,m_4_n,water,460,460,NA,NA,NA,NA,0.00379,0.00608,0.0611,19.5,295,7.16,24.7,1702,1710,2.1,25,,,,,,,,,,,,,
7/7/15,inflow_1,inflow,1726,26,2.738,4.528,NA,NA,2.17,0.191,0.515,14.8,124,7.4,24,2308,2070,5.3,70,,,,,,,,,,,,,
7/7/15,inflow_2,inflow,1727,32,2.82,4.608,NA,NA,2.54,0.225,0.549,30,252,7.4,24,2308,2070,5.3,70,,,,,,,,,,,,,
7/7/15,inflow_3,inflow,1728,AW-20-137-2,2.692,4.597,NA,NA,2.42,0.215,0.522,27.9,285,7.4,24,2308,2070,5.3,70,,,,,,,,,,,,,
7/7/15,outflow_1,outflow,1729,AW-20-137-9,2.961,5.903,NA,NA,4.6,0.374,1.05,32.1,287,7.46,24,2374,2134,3.8,51,,,,,,,,,,,,,
7/7/15,outflow_2,outflow,1730,10012,3.302,5.845,NA,NA,2.98,0.26,0.819,29,296,7.46,24,2374,2134,3.8,51,,,,,,,,,,,,,
7/7/15,outflow_3,outflow,1731,10065,3.153,5.623,NA,NA,2.57,0.227,0.733,32.6,290,7.46,24,2374,2134,3.8,51,,,,,,,,,,,,,
7/7/15,m_1_e ,shore,1732,34,NA,NA,NA,NA,0,0,0.412,50.6,520,7.17,24,3787,2644,0.3,4,,,,,,,,,,,,,
7/7/15,m_4_s ,shore,1733,2074,NA,NA,NA,NA,0,0.00468,0.203,37.4,121,7.35,24,2506,2313,0.2,2,,,,,,,,,,,,,
7/7/15,m_4_n,shore,1734,10243,NA,NA,NA,NA,0.0108,0.0112,0.261,37.1,269,7.31,28.2,3688,3478,0.2,3,,,,,,,,,,,,,
7/7/15,m_1_e ,water,1735,11004,NA,NA,NA,NA,3.54,0.284,0.9,26.6,254,7.24,24,2301,2074,1.8,24,,,,,,,,,,,,,
7/7/15,m_4_s ,water,1736,10028,NA,NA,NA,NA,2.79,0.223,0.659,32.6,271,7.43,31.2,2378,2126,2.2,29,,,,,,,,,,,,,
7/7/15,m_4_n,water,1737,2293,NA,NA,NA,NA,2.27,0.199,0.502,32.5,284,6.98,30.6,2385,21,0.4,5,,,,,,,,,,,,,
9/21/15,inflow_1,inflow,1738,10135,3.22,7.51,NA,NA,3.78,0.302,1.08,24.3,211,7.39,31.1,2343,2102,3.4,47,,,,,,,,,,,,,
9/21/15,inflow_2,inflow,1739,10008,3.154,7.869,NA,NA,4.03,0.327,1.09,18.8,146,7.39,31.1,2343,2102,3.4,47,,,,,,,,,,,,,
9/21/15,inflow_3,inflow,1740,2213,3.209,7.476,NA,NA,3.09,0.248,0.991,21.1,228,7.39,31.1,2343,2102,3.4,47,,,,,,,,,,,,,
9/21/15,outflow_1,outflow,1741,10132,2.863,5.998,NA,NA,3.08,0.217,0.947,15.1,220,7.41,29.9,2361,2165,2.6,34,,,,,,,,,,,,,
9/21/15,outflow_2,outflow,1742,2320,2.732,6.272,NA,NA,2.89,0.208,0.918,17,214,7.41,29.9,2361,2165,2.6,34,,,,,,,,,,,,,
9/21/15,outflow_3,outflow,1743,2153,2.818,4.749,NA,NA,2.76,0.19,0.901,17.3,208,7.41,29.9,2361,2165,2.6,34,,,,,,,,,,,,,
9/21/15,m_1_e ,shore,1744,2280,NA,NA,NA,NA,0.0258,0.00934,0.539,15.4,220,7.56,25.8,4574,4516,0.4,5,,,,,,,,,,,,,
9/21/15,m_4_s ,shore,1745,316,NA,NA,NA,NA,1.78,0.224,1.26,59.7,385,7.33,27.5,2305,2208,0.6,8,,,,,,,,,,,,,
9/21/15,m_4_n,shore,1746,442,NA,NA,NA,NA,0.0157,0.00794,0.219,38,295,7.63,26.6,4197,4072,0.4,5,,,,,,,,,,,,,
9/21/15,m_1_e ,water,1747,11015,NA,NA,NA,NA,3.09,0.185,1.33,22,145,7.45,30.8,2359,2128,1.3,18,,,,,,,,,,,,,
9/21/15,m_4_s ,water,1748,11033,NA,NA,NA,NA,2.47,0.159,1.06,18.6,134,7.46,30,2372,2166,2.6,34,,,,,,,,,,,,,
9/21/15,m_4_n,water,1749,28,NA,NA,NA,NA,1.11,0.152,0.667,15.3,156,7.07,29.9,2378,2176,0.5,7,,,,,,,,,,,,,
11/19/15,inflow_1,inflow,1750,49,2.378,6.687,6.036,5.165,3.44,0.195,0.813,15.6,211,7.52,23.4,1517,1566,4.9,57,,,,,,,,,,,,,
11/19/15,inflow_2,inflow,1751,10127,2.528,5.94,5.882,5.16,3.66,0.202,0.827,16.2,237,7.52,23.4,1517,1566,4.9,57,,,,,,,,,,,,,
11/19/15,inflow_3,inflow,1752,2302,2.093,5.562,5.762,5.103,3.11,0.2,0.819,14.2,202,7.52,23.4,1517,1566,4.9,57,,,,,,,,,,,,,
11/19/15,outflow_1,outflow,1753,10079,2.139,5.475,5.623,4.38,3.42,0.211,0.667,14.7,151,7.47,20,1375,1532,3.9,42,,,,,,,,,,,,,
11/19/15,outflow_2,outflow,1754,2303,2.07,5.118,5.695,4.387,3.03,0.224,0.627,9.88,343,7.47,20,1375,1532,3.9,42,,,,,,,,,,,,,
11/19/15,outflow_3,outflow,1755,9240,2.515,4.31,5.826,4.565,2.58,0.225,0.627,14.8,248,7.47,20,1375,1532,3.9,42,,,,,,,,,,,,,
11/19/15,m_1_e ,shore,1756,10234,NA,NA,6.456,2.207,0.944,0.205,0.617,13.9,188,7.35,14.5,1265,1614,1.5,15,,,,,,,,,,,,,
11/19/15,m_4_s ,shore,1757,2057,NA,NA,5.789,2.905,2.41,0.227,0.317,12.4,220,7.36,11.3,1190,1609,4,38,,,,,,,,,,,,,
11/19/15,m_4_n,shore,1758,5019,NA,NA,10.86,1.354,0.162,0.052,0.177,13.6,170,7.45,10.9,1685,2311,3.8,36,,,,,,,,,,,,,
11/19/15,m_1_e ,water,1759,9749,NA,NA,6.007,5.328,3.78,0.207,0.811,11.8,223,7.37,23.6,1538,1574,3.4,39,,,,,,,,,,,,,
11/19/15,m_4_s ,water,1760,11019,NA,NA,5.889,4.555,2.92,0.211,0.682,10.9,208,7.44,20.5,1402,1529,3.9,43,,,,,,,,,,,,,
11/19/15,m_4_n,water,1761,7651,NA,NA,5.793,4.788,2.41,0.227,0.649,12.2,205,7.41,21.5,1446,1550,3.6,41,,,,,,,,,,,,,
1/11/16,inflow_1,inflow,1762,38,3.049,7.794,NA,NA,5.42,0.304,1.66,24.8,342,6.96,21.5,1499,1636,5.1,58,,,,,,,,,,,,,
1/11/16,inflow_2,inflow,1763,78,3.149,7.653,NA,NA,3.43,0.211,1.65,24.7,339,6.96,21.5,1499,1636,5.1,58,,,,,,,,,,,,,
1/11/16,inflow_3,inflow,1764,10081,3.019,8.496,NA,NA,4.45,0.259,1.75,25.5,281,6.96,21.5,1499,1636,5.1,58,,,,,,,,,,,,,
1/11/16,outflow_1,outflow,1765,2060A,2.978,7.064,NA,NA,5.42,0.246,1.05,23.2,100,7.19,16.3,1332,1590,4.3,45,,,,,,,,,,,,,
1/11/16,outflow_2,outflow,1766,340,2.815,7.515,NA,NA,3.43,0.308,1.19,23.1,292,7.19,16.3,1332,1590,4.3,45,,,,,,,,,,,,,
1/11/16,outflow_3,outflow,1767,10140,2.833,6.171,NA,NA,4.45,0.277,1.14,23.1,311,7.19,16.3,1332,1590,4.3,45,,,,,,,,,,,,,
1/11/16,m_1_e ,shore,1768,387,NA,NA,NA,NA,2.8,0.246,0.671,26.3,312,6.87,8.3,1135,1698,1.4,28,,,,,,,,,,,,,
1/11/16,m_4_s ,shore,1769,10110,NA,NA,NA,NA,1.86,0.308,0.19,23.9,204,7.55,7.8,1067,1572,2.8,21,,,,,,,,,,,,,
1/11/16,m_4_n,shore,1770,9749,NA,NA,NA,NA,0.329,0.277,0.0418,31.6,263,7.34,7,1462,2221,1.6,13,,,,,,,,,,,,,
1/11/16,m_1_e ,water,1771,2307,NA,NA,NA,NA,3.11,0.199,1.54,23.4,304,7.06,18.8,1404,1590,1.7,18,,,,,,,,,,,,,
1/11/16,m_4_s ,water,1772,10049,NA,NA,NA,NA,4.73,0.284,1.27,20,300,7.24,17.2,1357,1599,3.7,38,,,,,,,,,,,,,
1/11/16,m_4_n,water,1773,10170,NA,NA,NA,NA,5.05,0.321,0.988,23.8,306,6.9,14.8,1326,1601,1.6,16,,,,,,,,,,,,,
3/24/16,inflow_1,inflow,1774,1016,4.499,4.42,7.027,4.22,2.46,0.205,1.33,NA,NA,7.19,23.5,1550,1612,3.9,47,,,,,,,,,,,,,
3/24/16,inflow_2,inflow,1775,2284,3.478,4.014,6.926,4.088,2.29,0.205,1.3,NA,NA,7.19,23.5,1550,1612,3.9,47,,,,,,,,,,,,,
3/24/16,inflow_3,inflow,1776,10163,3.211,4.112,7.415,4.461,2.71,0.278,1.74,NA,NA,7.19,23.5,1550,1612,3.9,47,,,,,,,,,,,,,
3/24/16,outflow_1,outflow,1777,2010,2.9,4.227,6.609,3.696,2.46,0.268,1.04,NA,NA,7.44,20.6,1423,1547,5.4,61,,,,,,,,,,,,,
3/24/16,outflow_2,outflow,1778,11028,3.113,4.059,7.076,3.97,2.02,0.206,0.956,NA,NA,7.44,20.6,1423,1547,5.4,61,,,,,,,,,,,,,
3/24/16,outflow_3,outflow,1779,5004,3.966,4.048,6.643,3.824,2.49,0.258,1.07,NA,NA,7.44,20.6,1423,1547,5.4,61,,,,,,,,,,,,,
3/24/16,m_1_e ,shore,1780,1024,NA,NA,16.64,1.868,0.0474,0.0106,0.46,NA,NA,7.12,10,1584,2176,1.9,18,,,,,,,,,,,,,
3/24/16,m_4_s ,shore,1781,1738,NA,NA,8.611,1.078,0.068,0.0127,0.287,NA,NA,7.25,14.1,1366,1718,3.1,31,,,,,,,,,,,,,
3/24/16,m_4_n,shore,1782,28,NA,NA,16.47,1.354,0.0112,0.00371,0.229,NA,NA,7.52,13.9,1838,2298,1.1,11,,,,,,,,,,,,,
3/24/16,m_1_e ,water,1783,1827,NA,NA,7.206,4.155,2.04,0.248,1.43,NA,NA,7.31,21.8,1490,1573,3,34,,,,,,,,,,,,,
3/24/16,m_4_s ,water,1784,B23,NA,NA,7.054,3.904,2.49,0.288,0.989,NA,NA,7.41,20.8,1420,1542,4,45,,,,,,,,,,,,,
3/24/16,m_4_n,water,1785,2226,NA,NA,7.743,3.528,2.58,0.226,0.549,NA,NA,7.09,20.6,1422,1551,2.2,25,,,,,,,,,,,,,
5/23/16,inflow_1,inflow,1786,10207,NA,NA,6.638,4.763,3.98,0.295,0.847,28.7,256,7.14,24,2142,2031,5,65,,,,,,,,,,,,,
5/23/16,inflow_2,inflow,1787,11009,NA,NA,6.637,4.271,4.18,0.293,0.842,29.2,271,7.14,24,2142,2031,5,65,,,,,,,,,,,,,
5/23/16,inflow_3,inflow,1788,10246,NA,NA,6.556,4.621,4.09,0.293,0.85,22.6,247,7.14,24,2142,2031,5,65,,,,,,,,,,,,,
5/23/16,outflow_1,outflow,1789,10090,NA,NA,7.96,4.103,3.12,0.25,0.722,28.2,238,7.59,25.2,2214,2207,4.8,59,,,,,,,,,,,,,
5/23/16,outflow_2,outflow,1790,11029,NA,NA,10.09,4.417,3.23,0.241,0.802,34.3,253,7.59,25.2,2214,2207,4.8,59,,,,,,,,,,,,,
5/23/16,outflow_3,outflow,1791,2302,NA,NA,8.687,4.15,2.85,0.218,0.739,32,244,7.59,25.2,2214,2207,4.8,59,,,,,,,,,,,,,
5/23/16,m_1_e ,shore,1792,10165,NA,NA,11.49,2.563,1.12,0.152,0.492,35.5,257,7.22,17.6,2046,2040,2.1,24,,,,,,,,,,,,,
5/23/16,m_4_s ,shore,1793,10180,NA,NA,9.986,0.866,0.0141,0.00593,0.039,37.6,257,7.31,19,2220,2408,2.4,24,,,,,,,,,,,,,
5/23/16,m_4_n,shore,1794,11031,NA,NA,15.63,1.243,0.0646,0.0144,0.0585,47.9,268,7.39,20.7,2886,3110,2.1,22,,,,,,,,,,,,,
5/23/16,m_1_e ,water,1795,10218,NA,NA,6.9,5.015,3.85,0.257,0.959,33.4,243,7.23,26,2201,2157,3.2,39,,,,,,,,,,,,,
5/23/16,m_4_s ,water,1796,10012,NA,NA,40.14,3.921,3.22,0.236,0.67,32.3,267,7.57,24.9,2202,2206,3.2,39,,,,,,,,,,,,,
5/23/16,m_4_n,water,1797,10206,NA,NA,24.62,4.302,3.05,0.274,0.578,23.9,252,7.3,25.32,2214,2207,5,65,,,,,,,,,,,,,
7/14/16,inflow_1,inflow,1798,11014,NA,NA,10.8,5.71,5.02,0.286,0.822,39,241,7.39,31.1,2527,2262,5.8,78,,,,,,,,,,,,,
7/14/16,inflow_2,inflow,1799,9749,NA,NA,9.007,5.637,3.83,0.25,0.789,42.8,227,7.39,31.1,2527,2262,5.8,78,,,,,,,,,,,,,
7/14/16,inflow_3,inflow,1800,10039,NA,NA,7.962,5.899,4.74,0.286,0.807,45.7,211,7.39,31.1,2527,2262,5.8,78,,,,,,,,,,,,,
7/14/16,outflow_1,outflow,1801,2109,NA,NA,10.2,3.436,2.39,0.239,0.398,42.1,226,7.5,30.6,2462,2224,6.3,87,,,,,,,,,,,,,
7/14/16,outflow_2,outflow,1802,10093,NA,NA,8.667,3.461,2.75,0.252,0.43,26.8,202,7.5,30.6,2462,2224,6.3,87,,,,,,,,,,,,,
7/14/16,outflow_3,outflow,1803,2059,NA,NA,8.606,3.367,2.65,0.238,0.419,42.7,220,7.5,30.6,2462,2224,6.3,87,,,,,,,,,,,,,
7/14/16,m_1_e ,shore,1804,2113,NA,NA,19.12,1.957,0.121,0.0366,0.357,42.1,280,7.55,24.5,3350,3296,1.1,12,,,,,,,,,,,,,
7/14/16,m_4_s ,shore,1805,10004,NA,NA,15.67,1.072,0.00819,0.00354,0.205,26.8,114,7.39,25.4,2653,2657,4,4,,,,,,,,,,,,,
7/14/16,m_4_n,shore,1806,7,NA,NA,17.12,1.373,0.0484,0.0138,0.339,42.7,236,7.17,25.6,2850,2784,0.7,6,,,,,,,,,,,,,
7/14/16,m_1_e ,water,1807,10243,NA,NA,9.435,4.938,3.11,0.267,0.817,43.1,227,7.32,30.5,2506,2265,1.05,17,,,,,,,,,,,,,
7/14/16,m_4_s ,water,1808,200,NA,NA,10.28,3.73,2.73,0.234,0.398,43.8,178,7.65,30.4,2456,2230,4.5,59,,,,,,,,,,,,,
7/14/16,m_4_n,water,1809,10002,NA,NA,7.743,3.858,2.78,0.255,0.414,44.8,189,7.32,30,2468,2257,3.1,41,,,,,,,,,,,,,
9/8/16,inflow_1,inflow,1810,10151,2.838,4.802,NA,NA,2.59,0.41,1.27,41.3,197,7.34,31.1,2408,2157,4,54,,,,,,,,,,,,,
9/8/16,inflow_2,inflow,1811,2278,3.001,5.305,NA,NA,2.83,0.383,1.37,17.4,143,7.34,31.1,2408,2157,4,54,,,,,,,,,,,,,
9/8/16,inflow_3,inflow,1812,2374,3.141,6.278,NA,NA,2.66,0.266,1.01,13.5,146,7.34,31.1,2408,2157,4,54,,,,,,,,,,,,,
9/8/16,outflow_1,outflow,1813,10055,3.321,6.503,NA,NA,2.46,0.384,1.14,26.8,188,7.3,24,2302,2131,2.8,36,,,,,,,,,,,,,
9/8/16,outflow_2,outflow,1814,10210,3.438,4.765,NA,NA,2.65,0.368,1.18,25.8,189,7.3,24,2302,2131,2.8,36,,,,,,,,,,,,,
9/8/16,outflow_3,outflow,1815,2289,3.078,5.938,NA,NA,2.64,0.349,1.18,25.7,201,7.3,24,2302,2131,2.8,36,,,,,,,,,,,,,
9/8/16,m_1_e ,shore,1816,5012,NA,NA,NA,NA,0.284,0.134,2.05,32.9,254,7.38,23.9,2765,2827,0.4,5,,,,,,,,,,,,,
9/8/16,m_4_s ,shore,1817,10175,NA,NA,NA,NA,0.063,0.0288,0.551,30.7,65.9,7.06,24,2345,2383,1.5,16,,,,,,,,,,,,,
9/8/16,m_4_n,shore,1818,10058,NA,NA,NA,NA,0.12,0.0508,1.09,34.8,141,7.61,23.7,2662,2733,1.2,13,,,,,,,,,,,,,
9/8/16,m_1_e ,water,1819,2363,NA,NA,NA,NA,2.3,0.37,1.22,29.5,229,7.16,29.6,2390,2214,0.5,6,,,,,,,,,,,,,
9/8/16,m_4_s ,water,1820,38,NA,NA,NA,NA,2.64,0.315,1.14,24.9,224,7.3,28.8,2284,2133,1.9,24,,,,,,,,,,,,,
9/8/16,m_4_n,water,1821,10116,NA,NA,NA,NA,1.86,0.188,0.742,32.2,245,6.99,27.5,2365,2257,0.3,3,,,,,,,,,,,,,
11/9/16,inflow_1,inflow,1822,362,2.901,4.853,NA,NA,4.4,0.249,1.32,,,7.39,24,1675,1588,5.5,70,,,,,,,,,,,,,
11/9/16,inflow_2,inflow,1823,2216,2.877,5.441,NA,NA,3.48,0.205,1.18,,,7.39,24,1675,1588,5.5,70,,,,,,,,,,,,,
11/9/16,inflow_3,inflow,1824,10083,3.269,6.177,NA,NA,4.11,0.241,1.31,,,7.39,24,1675,1588,5.5,70,,,,,,,,,,,,,
11/9/16,outflow_1,outflow,1825,10147,2.842,4.55,NA,NA,3.04,0.257,1.35,,,7.23,25.2,1569,1563,3.7,45,,,,,,,,,,,,,
11/9/16,outflow_2,outflow,1826,10260,3.106,4.535,NA,NA,2.7,0.231,1.3,,,7.23,25.2,1569,1563,3.7,45,,,,,,,,,,,,,
11/9/16,outflow_3,outflow,1827,390,2.919,4.144,NA,NA,2.68,0.226,1.27,,,7.23,25.2,1569,1563,3.7,45,,,,,,,,,,,,,
11/9/16,m_1_e ,shore,1828,10252,NA,NA,NA,NA,0.823,0.169,0.766,,,7.4,24,2053,2406,0.8,8,,,,,,,,,,,,,
11/9/16,m_4_s ,shore,1829,10179,NA,NA,NA,NA,0.69,0.105,0.358,,,7.13,15.9,1511,1827,2.6,26,,,,,,,,,,,,,
11/9/16,m_4_n,shore,1830,10201,NA,NA,NA,NA,0.126,0.042,0.717,,,7.2,17.7,2039,2632,0.4,4,,,,,,,,,,,,,
11/9/16,m_1_e ,water,1831,11016,NA,NA,NA,NA,3.49,0.234,1.29,,,7.32,26.5,1632,1586,3.7,47,,,,,,,,,,,,,
11/9/16,m_4_s ,water,1832,10073,NA,NA,NA,NA,2.95,0.241,1.32,,,7.2,24.5,1541,1555,2.6,31,,,,,,,,,,,,,
11/9/16,m_4_n,water,1833,10051,NA,NA,NA,NA,2.87,0.219,1.12,,,7.07,23.7,1529,1571,0.7,8,,,,,,,,,,,,,
1/18/17,inflow_1,inflow,1834,10038,3.345,5.61,NA,NA,3.07,0.254,1.41,13.8,349,7.28,22.7,1604,1678,5.9,69,,,,,,,,,,,,,
1/18/17,inflow_2,inflow,1835,10157,2.879,5.334,NA,NA,3.15,0.26,1.45,11.1,311,7.28,22.7,1604,1678,5.9,69,,,,,,,,,,,,,
1/18/17,inflow_3,inflow,1836,2029,3.921,5.256,NA,NA,3.11,0.262,1.45,17.8,353,7.28,22.7,1604,1678,5.9,69,,,,,,,,,,,,,
1/18/17,outflow_1,outflow,1837,10183,3.381,7.587,NA,NA,3.28,0.259,1.54,14,478,NA,18.5,1468,1677,4.3,47,,,,,,,,,,,,,
1/18/17,outflow_2,outflow,1838,10258,3.679,6.093,NA,NA,3.51,0.272,1.62,16.2,453,NA,18.5,1468,1677,4.3,47,,,,,,,,,,,,,
1/18/17,outflow_3,outflow,1839,10236,3.365,7.381,NA,NA,3.84,0.3,1.72,16.1,469,NA,18.5,1468,1677,4.3,47,,,,,,,,,,,,,
1/18/17,m_1_e ,shore,NA,NA,NA,NA,NA,NA,NA,NA,NA,NA,NA,NA,NA,NA,NA,NA,NA,,,,,,,,,,,,,
1/18/17,m_4_s ,shore,NA,NA,NA,NA,NA,NA,NA,NA,NA,NA,NA,NA,NA,NA,NA,NA,NA,,,,,,,,,,,,,
1/18/17,m_4_n,shore,NA,NA,NA,NA,NA,NA,NA,NA,NA,NA,NA,NA,NA,NA,NA,NA,NA,,,,,,,,,,,,,
1/18/17,m_1_e ,water,NA,NA,NA,NA,NA,NA,NA,NA,NA,NA,NA,NA,NA,NA,NA,NA,NA,,,,,,,,,,,,,
1/18/17,m_4_s ,water,NA,NA,NA,NA,NA,NA,NA,NA,NA,NA,NA,NA,NA,NA,NA,NA,NA,,,,,,,,,,,,,
1/18/17,m_4_n,water,NA,NA,NA,NA,NA,NA,NA,NA,NA,NA,NA,NA,NA,NA,NA,NA,NA,,,,,,,,,,,,,
3/20/17,inflow_1,inflow,1840,10168,5.191,6.23,NA,NA,3.38,0.366,1.72,21.7,406,NA,25.5,1408,1395,77,77,,,,,,,,,,,,,
3/20/17,inflow_2,inflow,1841,5,3.513,5.754,NA,NA,3.22,0.31,1.82,22.6,392,NA,25.5,1408,1395,77,77,,,,,,,,,,,,,
3/20/17,inflow_3,inflow,1842,10221,3.564,6.16,NA,NA,3.09,0.261,1.9,23.5,400,NA,25.5,1408,1395,77,77,,,,,,,,,,,,,
3/20/17,outflow_1,outflow,1843,10110,3.525,5.09,NA,NA,2.67,0.314,1.29,23.9,364,NA,24.8,1418,1424,62,62,,,,,,,,,,,,,
3/20/17,outflow_2,outflow,1844,380,3.34,4.95,NA,NA,2.68,0.31,1.33,23.8,368,NA,24.8,1418,1424,62,62,,,,,,,,,,,,,
3/20/17,outflow_3,outflow,1845,10091,3.574,5.505,NA,NA,2.7,0.315,1.3,23.8,354,NA,24.8,1418,1424,62,62,,,,,,,,,,,,,
3/20/17,m_1_e ,shore,NA,NA,NA,NA,NA,NA,NA,NA,NA,NA,NA,NA,NA,NA,NA,NA,NA,,,,,,,,,,,,,
3/20/17,m_4_s ,shore,NA,NA,NA,NA,NA,NA,NA,NA,NA,NA,NA,NA,NA,NA,NA,NA,NA,,,,,,,,,,,,,
3/20/17,m_4_n,shore,NA,NA,NA,NA,NA,NA,NA,NA,NA,NA,NA,NA,NA,NA,NA,NA,NA,,,,,,,,,,,,,
3/20/17,m_1_e ,water,NA,NA,NA,NA,NA,NA,NA,NA,NA,NA,NA,NA,NA,NA,NA,NA,NA,,,,,,,,,,,,,
3/20/17,m_4_s ,water,NA,NA,NA,NA,NA,NA,NA,NA,NA,NA,NA,NA,NA,NA,NA,NA,NA,,,,,,,,,,,,,
3/20/17,m_4_n,water,NA,NA,NA,NA,NA,NA,NA,NA,NA,NA,NA,NA,NA,NA,NA,NA,NA,,,,,,,,,,,,,
5/30/17,inflow_1,inflow,1846,10033,4.046,4.542,NA,NA,3.44,0.166,1.13,27.6,304,7.23,28.5,2167,2025,89,89,,,,,,,,,,,,,
5/30/17,inflow_2,inflow,1847,10129,3.89,4.996,NA,NA,3.48,0.156,1.04,26.4,308,7.23,28.5,2167,2025,89,89,,,,,,,,,,,,,
5/30/17,inflow_3,inflow,1848,10107,3.939,4.42,NA,NA,3.35,0.156,1,26.6,263,7.23,28.5,2167,2025,89,89,,,,,,,,,,,,,
5/30/17,outflow_1,outflow,1849,10135,3.359,3.153,NA,NA,1.68,0.107,0.212,27,246,7.41,27.9,1947,1847,91,91,,,,,,,,,,,,,
5/30/17,outflow_2,outflow,1850,28,3.126,NA,NA,NA,1.61,0.0998,0.178,27.2,263,7.41,27.9,1947,1847,91,91,,,,,,,,,,,,,
5/30/17,outflow_3,outflow,1851,22,3.489,NA,NA,NA,1.57,0.103,0.192,22.4,246,7.41,27.9,1947,1847,91,91,,,,,,,,,,,,,
5/30/17,m_1_e ,shore,1852,2046,NA,NA,NA,NA,0.748,0.0421,0.258,28.8,315,7.02,22.1,1851,1964,14,14,,,,,,,,,,,,,
5/30/17,m_4_s ,shore,1853,10204,NA,NA,NA,NA,0.0976,0.017,0.138,26.6,252,6.74,21.4,1697,1837,28,28,,,,,,,,,,,,,
5/30/17,m_4_n,shore,1854,10212,NA,NA,NA,NA,0.0203,0.00226,0.0505,26.4,286,6.88,21.5,1784,1915,26,26,,,,,,,,,,,,,
5/30/17,m_1_e ,water,1855,10255,NA,NA,NA,NA,2.79,0.148,0.694,28.9,264,7.08,27.9,2099,1991,54,54,,,,,,,,,,,,,
5/30/17,m_4_s ,water,1856,2138,NA,NA,NA,NA,2.1,0.111,0.294,24.3,310,7.18,27.7,1976,1880,70,70,,,,,,,,,,,,,
5/30/17,m_4_n,water,1857,5000,NA,NA,NA,NA,1.84,0.0966,0.181,29.9,280,7.17,27.7,1959,1873,69,69,,,,,,,,,,,,,
7/13/17,inflow_1,inflow,1859,10163,3.321,4.194,NA,NA,3.86,0.0898,0.729,15,239,7.19,31.6,2419,2148,81,81,,,,,,,,,,,,,
7/13/17,inflow_2,inflow,1860,2044,3.358,4.088,NA,NA,4.12,0.0962,0.782,19.7,249,7.19,31.6,2419,2148,81,81,,,,,,,,,,,,,
7/13/17,inflow_3,inflow,1861,447,2.628,4.655,NA,NA,3.71,0.0852,0.761,19.8,204,7.19,31.6,2419,2148,81,81,,,,,,,,,,,,,
7/13/17,outflow_1,outflow,1862,11022,2.487,4.898,NA,NA,3.32,0.11,0.472,18.8,180,6.89,31.4,2390,2129,58,58,,,,,,,,,,,,,
7/13/17,outflow_2,outflow,1863,10251,3.383,3.893,NA,NA,3.6,0.117,0.471,26.1,219,6.89,31.4,2390,2129,58,58,,,,,,,,,,,,,
7/13/17,outflow_3,outflow,1864,10164,3.317,3.769,NA,NA,3.28,0.105,0.462,9.85,210,6.89,31.4,2390,2129,58,58,,,,,,,,,,,,,
7/13/17,m_1_e ,shore,1865,5001,NA,NA,NA,NA,0.901,0.0995,0.478,19.9,232,7.1,27.4,2354,2248,14,14,,,,,,,,,,,,,
7/13/17,m_4_s ,shore,1866,11020,NA,NA,NA,NA,0.632,0.0828,0.328,15.2,166,7.06,27.8,2764,2154,17,17,,,,,,,,,,,,,
7/13/17,m_4_n,shore,1867,10178,NA,NA,NA,NA,0.0108,0.00397,0.113,17.4,253,7.1,27.3,2451,2346,9,9,,,,,,,,,,,,,
7/13/17,m_1_e ,water,1868,2272,NA,NA,NA,NA,3.87,0.123,0.715,23.6,224,7.12,31.4,2400,2142,59,59,,,,,,,,,,,,,
7/13/17,m_4_s ,water,1869,5009,NA,NA,NA,NA,3.91,0.126,0.512,15.2,209,7.04,31.3,2373,2119,38,38,,,,,,,,,,,,,
7/13/17,m_4_n,water,1870,10077,NA,NA,NA,NA,3.58,0.131,0.419,13.3,153,7.1,31.3,2395,2138,30,30,,,,,,,,,,,,,
9/29/17,inflow_1,inflow,1871,11035,NA,NA,6.836,4.823,4.6,0.0841,0.453,39,328,7.17,29.5,2214,2032,3.9,52,,,,,,,,,,,,,
9/29/17,inflow_2,inflow,1872,9749,NA,NA,6.223,6.84,4.64,0.0881,0.479,38.7,312,7.17,29.5,2214,2032,3.9,52,,,,,,,,,,,,,
9/29/17,inflow_3,inflow,1873,47,NA,NA,6.034,6.744,4.24,0.081,0.446,39.5,302,7.17,29.5,2214,2032,3.9,52,,,,,,,,,,,,,
9/29/17,outflow_1,outflow,1874,5011,NA,NA,6.286,6.732,2.87,0.0711,0.305,40.1,294,NA,26.7,2105,2040,3.1,40,,,,,,,,,,,,,
9/29/17,outflow_2,outflow,1875,3048,NA,NA,NA,NA,3.23,0.0746,0.311,39.6,272,NA,26.7,2105,2040,3.1,40,,,,,,,,,,,,,
9/29/17,outflow_3,outflow,1876,585,NA,NA,6.155,5.102,3.69,0.0836,0.354,40,265,NA,26.7,2105,2040,3.1,40,,,,,,,,,,,,,
9/29/17,m_1_e ,water,1877,4510,NA,NA,6.235,5.186,3.93,0.0954,0.41,39.1,286,6.9,28.3,2159,2037,2.6,34,,,,,,,,,,,,,
9/29/17,m_4_n,shore,1878,2006,NA,NA,6.137,6.12,0.335,0.0311,0.0194,44,267,7,17.4,1921,2250,2,22,,,,,,,,,,,,,
9/29/17,m_1_e,shore,1879,15,NA,NA,NA,NA,1.43,0.0616,0.134,40,261,7,17.5,1864,2158,1.7,18,,,,,,,,,,,,,
9/29/17,m_4_s ,shore,1880,716,NA,NA,6.516,2.871,1.86,0.0399,0.0472,40,277,7.01,18.1,1789,2063,2.6,28,,,,,,,,,,,,,
9/29/17,m_4_s ,water,1881,62,NA,NA,6.19,3.052,3.74,0.092,0.367,38.3,260,,25.9,2099,2062,2,26,,,,,,,,,,,,,
9/29/17,m_4_n,water,1882,2271,NA,NA,,,3.47,0.0812,0.22,35.4,263,NA,26.4,2086,2032,1.5,19,,,,,,,,,,,,,
11/17/17,inflow_1,inflow,1883,10197,NA,NA,6.43,9.922,4.84,0.114,0.864,15.3,159,NA,27,1650,1587,3.9,51,,,,,,,,,,,,,
11/17/17,inflow_2,inflow,1884,10142,NA,NA,7.183,9.963,5.43,0.135,0.909,13.1,144,NA,27,1650,1587,3.9,51,,,,,,,,,,,,,
11/17/17,inflow_3,inflow,1885,5002,NA,NA,6.503,9.883,5.28,0.122,0.913,15.6,155,NA,27,1650,1587,3.9,51,,,,,,,,,,,,,
11/17/17,outflow_1,outflow,1886,12013,NA,NA,6.295,6.905,NA,NA,NA,15.6,153,NA,24.1,1541,1567,2.2,27,,,,,,,,,,,,,
11/17/17,outflow_2,outflow,1887,10045,NA,NA,6.736,6.908,3.19,0.136,0.913,13.3,121,NA,24.1,1541,1567,2.2,27,,,,,,,,,,,,,
11/17/17,outflow_3,outflow,1888,12003,NA,NA,6.317,6.79,2.74,0.119,0.855,14,121,NA,24.1,1541,1567,2.2,27,,,,,,,,,,,,,
11/17/17,m_1_e ,shore,1889,10096,NA,NA,7.462,4.453,2.47,0.0735,0.166,13.8,125,NA,15.8,1346,1636,7.2,75,,,,,,,,,,,,,
11/17/17,m_4_s ,shore,1890,460,NA,NA,7.161,3.894,1.92,0.0445,0.137,17.3,157,NA,15.3,1270,1559,2.9,29,,,,,,,,,,,,,
11/17/17,m_4_n,shore,1891,10083,NA,NA,7.675,1.443,0.31,0.0139,0.014,13.4,144,NA,13.8,1301,1657,5.1,51,,,,,,,,,,,,,
11/17/17,m_1_e ,water,1892,10179,NA,NA,7.358,8.743,5.1,0.143,0.92,14.1,131,NA,25.7,1592,1572,2.1,27,,,,,,,,,,,,,
11/17/17,m_4_s ,water,1893,2283,NA,NA,6.331,6.949,3.09,0.13,0.934,12.7,117,NA,24,1533,1562,3.9,48,,,,,,,,,,,,,
11/17/17,m_4_n,water,1894,10095,NA,NA,6.615,7.012,3.14,0.13,0.842,15.9,140,NA,23.8,1520,1557,2.3,28,,,,,,,,,,,,,
1/18/18,inflow_1,inflow,1895,10231,2.374,7.199,6.982,5.109,3.46,0.2,1.4,25.7,158,NA,23.1,1508,1566,4.8,58,,,,,,,,,,,,,
1/18/18,inflow_2,inflow,1896,10232,2.37,7.437,7.614,4.968,3.74,0.212,1.61,24.9,157,NA,23.1,1508,1566,4.8,58,,,,,,,,,,,,,
1/18/18,inflow_3,inflow,1897,10003,2.231,7.008,7.425,5.017,3.64,0.21,1.58,24.6,142,NA,23.1,1508,1566,4.8,58,,,,,,,,,,,,,
1/18/18,outflow_1,outflow,1898,10074,2.102,6.613,7.12,4.295,3.13,0.268,1.87,21.6,138,NA,18.7,1349,1535,4,44,,,,,,,,,,,,,
1/18/18,outflow_2,outflow,1899,10194,2.148,6.055,7.144,4.457,2.3,0.215,1.63,19.7,120,NA,18.7,1349,1535,4,44,,,,,,,,,,,,,
1/18/18,outflow_3,outflow,1900,9240,2.146,6.151,6.937,4.474,2.56,0.241,1.72,15.3,122,NA,18.7,1349,1535,4,44,,,,,,,,,,,,,
1/18/18,m_1_e ,shore,1901,10028,NA,NA,8.537,2.279,1.38,0.192,0.319,18.4,158,NA,9.1,1260,1806,7.5,69,,,,,,,,,,,,,
1/18/18,m_4_s ,shore,1902,10255,NA,NA,6.882,2.787,2.23,0.11,0.252,24.8,121,NA,7.8,1084,1611,4.4,38,,,,,,,,,,,,,
1/18/18,m_4_n,shore,1903,10139,NA,NA,9.335,1.622,0.509,0.0575,0.229,27,135,NA,8.4,1315,1925,7.6,66,,,,,,,,,,,,,
1/18/18,m_1_e ,water,1904,455,NA,NA,7.046,4.757,2.29,0.174,1.39,22.9,153,NA,21.4,1444,1552,4.6,54,,,,,,,,,,,,,
1/18/18,m_4_s ,water,1905,9446,NA,NA,7.959,4.69,2.39,0.224,1.65,21.8,125,NA,18.9,1357,1536,3.5,38,,,,,,,,,,,,,
1/18/18,m_4_n,water,1906,1016,NA,NA,7.598,4.408,2.3,0.215,1.56,22.4,123,NA,18.9,1347,1529,4.4,49,,,,,,,,,,,,,
2/26/18,inflow_1,inflow,NA,NA,NA,NA,NA,NA,NA,NA,NA,NA,NA,NA,NA,NA,NA,NA,NA,,,,,,,,,,,,,
2/26/18,inflow_2,inflow,NA,NA,NA,NA,NA,NA,NA,NA,NA,NA,NA,NA,NA,NA,NA,NA,NA,,,,,,,,,,,,,
2/26/18,inflow_3,inflow,NA,NA,NA,NA,NA,NA,NA,NA,NA,NA,NA,NA,NA,NA,NA,NA,NA,,,,,,,,,,,,,
2/26/18,outflow_1,outflow,NA,NA,NA,NA,NA,NA,NA,NA,NA,NA,NA,NA,NA,NA,NA,NA,NA,,,,,,,,,,,,,
2/26/18,outflow_2,outflow,NA,NA,NA,NA,NA,NA,NA,NA,NA,NA,NA,NA,NA,NA,NA,NA,NA,,,,,,,,,,,,,
2/26/18,outflow_3,outflow,NA,NA,NA,NA,NA,NA,NA,NA,NA,NA,NA,NA,NA,NA,NA,NA,NA,,,,,,,,,,,,,
2/26/18,m_1_e ,shore,1907,NA,NA,NA,NA,NA,NA,NA,0.235,24,250,NA,6.3,1189,1848,3.9,35,,,,,,,,,,,,,
2/26/18,m_4_s ,shore,1908,NA,NA,NA,NA,NA,NA,NA,1.08,25.8,262,NA,4.3,1003,1659,2.3,19,,,,,,,,,,,,,
2/26/18,m_4_n,shore,1909,NA,NA,NA,NA,NA,NA,NA,0.105,27,262,NA,7,1322,2019,4.1,35,,,,,,,,,,,,,
2/26/18,m_1_e ,water,1910,NA,NA,NA,NA,NA,NA,NA,0.875,19.2,213,NA,20.8,1452,1578,1.8,20,,,,,,,,,,,,,
2/26/18,m_4_s ,water,1911,NA,NA,NA,NA,NA,NA,NA,0.0811,34,285,NA,18.7,1413,1609,3.1,34,,,,,,,,,,,,,
2/26/18,m_4_n,water,1912,NA,NA,NA,NA,NA,NA,NA,0.841,23.6,277,NA,18.8,1419,1607,2.8,30,,,,,,,,,,,,,
3/26/18,inflow_1,inflow,1913,387,3.841,8.104,7.878,5.741,NA,0.163,NA,31.7,317,NA,23.6,1594,1638,4.1,51,,,,,,,,,,,,,
3/26/18,inflow_2,inflow,1914,10112,3.754,7.67,7.945,5.621,NA,0.205,NA,NA,NA,NA,23.6,1594,1638,4.1,51,,,,,,,,,,,,,
3/26/18,inflow_3,inflow,1915,73,3.63,6.91,15.41,5.555,NA,0.159,NA,22.1,272,NA,23.6,1594,1638,4.1,51,,,,,,,,,,,,,
3/26/18,outflow_1,outflow,1916,10169,3.295,6.087,7.265,4.319,NA,NA,NA,24.1,232,NA,20.8,1342,1461,7.6,85,,,,,,,,,,,,,
3/26/18,outflow_2,outflow,1917,5014,3.339,6.37,10.69,4.053,NA,0.13,NA,23.6,235,NA,20.8,1342,1461,7.6,85,,,,,,,,,,,,,
3/26/18,outflow_3,outflow,1918,2921,NA,NA,NA,NA,NA,NA,NA,NA,NA,NA,20.8,1342,1461,7.6,85,,,,,,,,,,,,,
3/26/18,m_1_e ,shore,1919,10080,NA,NA,13.45,1.579,NA,0.0427,NA,28.4,335,NA,12.3,1260,1663,1.1,11,,,,,,,,,,,,,
3/26/18,m_4_s ,shore,1920,12024,NA,NA,9.814,1.034,NA,0.0141,NA,24.1,305,NA,11.6,1096,1475,2.2,21,,,,,,,,,,,,,
3/26/18,m_4_n,shore,1921,10226,NA,NA,12.02,0.9556,NA,0.000263,NA,29.6,345,NA,13.6,1444,1848,5.3,53,,,,,,,,,,,,,
3/26/18,m_1_e ,water,1922,442,NA,NA,7.789,5.271,NA,0.146,NA,27.9,252,NA,21.6,1493,1580,4.1,50,,,,,,,,,,,,,
3/26/18,m_4_s ,water,1923,5003,NA,NA,7.222,4.335,NA,0.116,NA,24.5,264,NA,20.6,1361,1487,4.3,49,,,,,,,,,,,,,
3/26/18,m_4_n,water,1924,2922,NA,NA,7.452,4.328,NA,0.123,NA,24,277,NA,20.8,1369,1488,4.8,56,,,,,,,,,,,,,
4/9/18,inflow_1,inflow,NA,NA,NA,NA,NA,NA,NA,NA,NA,NA,NA,NA,NA,NA,NA,NA,NA,,,,,,,,,,,,,
4/9/18,inflow_2,inflow,NA,NA,NA,NA,NA,NA,NA,NA,NA,NA,NA,NA,NA,NA,NA,NA,NA,,,,,,,,,,,,,
4/9/18,inflow_3,inflow,NA,NA,NA,NA,NA,NA,NA,NA,NA,NA,NA,NA,NA,NA,NA,NA,NA,,,,,,,,,,,,,
4/9/18,outflow_1,outflow,NA,NA,NA,NA,NA,NA,NA,NA,NA,NA,NA,NA,NA,NA,NA,NA,NA,,,,,,,,,,,,,
4/9/18,outflow_2,outflow,NA,NA,NA,NA,NA,NA,NA,NA,NA,NA,NA,NA,NA,NA,NA,NA,NA,,,,,,,,,,,,,
4/9/18,outflow_3,outflow,NA,NA,NA,NA,NA,NA,NA,NA,NA,NA,NA,NA,NA,NA,NA,NA,NA,,,,,,,,,,,,,
4/9/18,m_1_e ,shore,1925,NA,NA,NA,NA,NA,NA,0.0596,NA,NA,NA,NA,17,1817,2145,1,10,,,,,,,,,,,,,
4/9/18,m_4_s ,shore,1926,NA,NA,NA,NA,NA,NA,0.0387,NA,NA,NA,NA,16.6,1757,2086,0.7,7,,,,,,,,,,,,,
4/9/18,m_4_n,shore,1927,NA,NA,NA,NA,NA,NA,0.00333,NA,NA,NA,NA,17.9,1805,2087,3.1,34,,,,,,,,,,,,,
4/9/18,m_1_e ,water,1928,NA,NA,NA,NA,NA,NA,0.184,NA,NA,NA,NA,25,1956,1955,4.5,56,,,,,,,,,,,,,
4/9/18,m_4_s ,water,1929,NA,NA,NA,NA,NA,NA,0.177,NA,NA,NA,NA,24.5,1972,1993,5.2,64,,,,,,,,,,,,,
4/9/18,m_4_n,water,1930,NA,NA,NA,NA,NA,NA,0.153,NA,NA,NA,NA,24.5,2000,2019,5,63,,,,,,,,,,,,,
5/17/18,inflow_1,inflow,1931,2380,3.277,5.029,NA,NA,NA,NA,NA,NA,NA,NA,27.7,2145,2039,6.2,82,,,,,,,,,,,,,
5/17/18,inflow_2,inflow,1932,585,3.315,5.429,NA,NA,NA,NA,NA,NA,NA,NA,27.7,2145,2039,6.2,82,,,,,,,,,,,,,
5/17/18,inflow_3,inflow,1933,12022,3.488,4.942,NA,NA,NA,NA,NA,NA,NA,NA,27.7,2145,2039,6.2,82,,,,,,,,,,,,,
5/17/18,outflow_1,outflow,1934,2057,4.374,4.096,NA,NA,NA,NA,NA,NA,NA,NA,26.9,2154,2078,3.7,48,,,,,,,,,,,,,
5/17/18,outflow_2,outflow,1935,5009,4.817,4.426,NA,NA,NA,NA,NA,NA,NA,NA,26.9,2154,2078,3.7,48,,,,,,,,,,,,,
5/17/18,outflow_3,outflow,1936,10055,4.392,4.012,NA,NA,NA,NA,NA,NA,NA,NA,26.9,2154,2078,3.7,48,,,,,,,,,,,,,
5/17/18,m_1_e ,shore,1937,2062,NA,NA,NA,NA,NA,NA,NA,NA,NA,NA,17.8,1879,2202,4.1,12,,,,,,,,,,,,,
5/17/18,m_4_s ,shore,1938,104,NA,NA,NA,NA,NA,NA,NA,NA,NA,NA,16.6,1777,2114,0.8,8,,,,,,,,,,,,,
5/17/18,m_4_n,shore,1939,10167,NA,NA,NA,NA,NA,NA,NA,NA,NA,NA,17.8,1924,2230,0.9,10,,,,,,,,,,,,,
5/17/18,m_1_e ,water,1940,10182,NA,NA,NA,NA,NA,NA,NA,NA,NA,NA,25.1,2131,2127,7.6,95,,,,,,,,,,,,,
5/17/18,m_4_s ,water,1941,364,NA,NA,NA,NA,NA,NA,NA,NA,NA,NA,26.9,2138,2097,3.2,44,,,,,,,,,,,,,
5/17/18,m_4_n,water,1942,33,NA,NA,NA,NA,NA,NA,NA,NA,NA,NA,26.4,2133,2078,1.8,23,,,,,,,,,,,,,
6/27/18,inflow_1,inflow,NA,NA,NA,NA,NA,NA,NA,NA,NA,NA,NA,NA,NA,NA,NA,NA,NA,,,,,,,,,,,,,
,inflow_2,inflow,NA,NA,NA,NA,NA,NA,NA,NA,NA,NA,NA,NA,NA,NA,NA,NA,NA,,,,,,,,,,,,,
,inflow_3,inflow,NA,NA,NA,NA,NA,NA,NA,NA,NA,NA,NA,NA,NA,NA,NA,NA,NA,,,,,,,,,,,,,
,outflow_1,outflow,NA,NA,NA,NA,NA,NA,NA,NA,NA,NA,NA,NA,NA,NA,NA,NA,NA,,,,,,,,,,,,,
,outflow_2,outflow,NA,NA,NA,NA,NA,NA,NA,NA,NA,NA,NA,NA,NA,NA,NA,NA,NA,,,,,,,,,,,,,
,outflow_3,outflow,NA,NA,NA,NA,NA,NA,NA,NA,NA,NA,NA,NA,NA,NA,NA,NA,NA,,,,,,,,,,,,,
,m_1_e ,shore,1943,9749,,,,,,,,,,,,,,,,,,,,,,,,,,,,
,m_4_s ,shore,1944,118,,,,,,,,,,,,,,,,,,,,,,,,,,,,
,m_4_n,shore,1945,10260,,,,,,,,,,,,,,,,,,,,,,,,,,,,
,m_1_e ,water,1946,2042,,,,,,,,,,,,,,,,,,,,,,,,,,,,
,m_4_s ,water,1947,2298,,,,,,,,,,,,,,,,,,,,,,,,,,,,
,m_4_n,water,1948,10065,,,,,,,,,,,,,,,,,,,,,,,,,,,,
7/18/18,inflow_1,inflow,1949,10183,,,,,,,,,,7.2,31.6,2424,2152,81,81,,,,,,,,,,,,,
,inflow_2,inflow,1950,12028,,,,,,,,,,7.2,31.6,2424,2152,81,81,,,,,,,,,,,,,
,inflow_3,inflow,1951,11022,,,,,,,,,,7.2,31.6,2424,2152,81,81,,,,,,,,,,,,,
,outflow_1,outflow,1952,10185,,,,,,,,,,6.9,31.4,2395,2133,58,58,,,,,,,,,,,,,
,outflow_2,outflow,1953,11015,,,,,,,,,,6.9,31.4,2395,2133,58,58,,,,,,,,,,,,,
,outflow_3,outflow,1954,10210,,,,,,,,,,6.9,31.4,2395,2133,58,58,,,,,,,,,,,,,
,m_1_e ,shore,1955,2181,,,,,,,,,,6.9,27.4,2359,2253,14,14,,,,,,,,,,,,,
,m_4_s ,shore,1956,10030,,,,,,,,,,7.1,27.8,2770,2158,17,17,,,,,,,,,,,,,
,m_4_n,shore,1957,10179,,,,,,,,,,7.1,27.3,2456,2351,9,9,,,,,,,,,,,,,
,m_1_e ,water,1958,2195,,,,,,,,,,7.1,31.4,2405,2146,59,59,,,,,,,,,,,,,
,m_4_s ,water,1959,10052,,,,,,,,,,7.05,31.3,2378,2123,38,38,,,,,,,,,,,,,
,m_4_n,water,1960,2009,,,,,,,,,,7.11,31.3,2400,2142,30,30,,,,,,,,,,,,,
9/25/18,inflow_1,inflow,1961,2289,,,,,,,,,,7.18,29.5,2219,2036,30.9,52,,,,,,,,,,,,,
,inflow_2,inflow,1962,26,,,,,,,,,,7.18,29.5,2219,2036,3.9,52,,,,,,,,,,,,,
,inflow_3,inflow,1963,11011,,,,,,,,,,7.18,29.5,2219,2036,3.9,52,,,,,,,,,,,,,
,outflow_1,outflow,1964,1005,,,,,,,,,,NA,26.7,2109,2044,3.1,40,,,,,,,,,,,,,
,outflow_2,outflow,1965,2186,,,,,,,,,,NA,26.7,2109,2044,3.1,40,,,,,,,,,,,,,
,outflow_3,outflow,1966,316,,,,,,,,,,NA,26.7,2109,2044,3.1,40,,,,,,,,,,,,,
,m_1_e ,shore,1967,10066,,,,,,,,,,6.9,28.3,2163,2041,2.6,34,,,,,,,,,,,,,
,m_4_s ,shore,1968,2272,,,,,,,,,,7.01,17.4,1925,2255,2,22,,,,,,,,,,,,,
,m_4_n,shore,1969,2145,,,,,,,,,,7.01,17.5,1868,2162,1.7,18,,,,,,,,,,,,,
,m_1_e ,water,1970,10072,,,,,,,,,,7.02,18.1,1793,2067,2.6,28,,,,,,,,,,,,,
,m_4_s ,water,1971,33,,,,,,,,,,NA,25.9,2103,2066,2,26,,,,,,,,,,,,,
,m_4_n,water,1972,362,,,,,,,,,,NA,26.4,2090,2036,1.5,19,,,,,,,,,,,,,
11/30/18,inflow_1,inflow,1973,1075,,,,,,,,,,7.02,24.8,1297,1301,5.1,72,,,,,,,,,,,,,
,inflow_2,inflow,1974,4,,,,,,,,,,,,,,,,,,,,,,,,,,,,
,inflow_3,inflow,1975,11010,,,,,,,,,,,,,,,,,,,,,,,,,,,,
,outflow_1,outflow,1976,10101,,,,,,,,,,7.13,20.5,1188,1297,4.3,49,,,,,,,,,,,,,
,outflow_2,outflow,1977,378574,,,,,,,,,,,,,,,,,,,,,,,,,,,,
,outflow_3,outflow,1978,11001,,,,,,,,,,,,,,,,,,,,,,,,,,,,
,m_1_e ,shore,1979,21,,,,,,,,,,6.9,10.9,1255,1718,5.8,53,,,,,,,,,,,,,
,m_4_s ,shore,1980,36,,,,,,,,,,6.77,9.6,967,1366,2.4,22,,,,,,,,,,,,,
,m_4_n,shore,1981,10070,,,,,,,,,,6.5,11.3,1174,1588,5.3,51,,,,,,,,,,,,,
,m_1_e ,water,1982,2308,,,,,,,,,,6.81,19.3,1186,1326,1.5,17,,,,,,,,,,,,,
,m_4_s ,water,1983,2057,,,,,,,,,,6.79,19.7,1148,1296,0.9,11,,,,,,,,,,,,,
,m_4_n,water,1984,7,,,,,,,,,,6.86,20.5,1190,1303,3.4,40,,,,,,,,,,,,,
1/10/19,inflow_1,inflow,1985,10194,,,,,,,,,,7.04,22.2,1198,1265,5.8,69,,,,,,,,,,,,,
,inflow_2,inflow,1986,1041,,,,,,,,,,NA,,,,,,,,,,,,,,,,,,
,inflow_3,inflow,1987,12005,,,,,,,,,,NA,,,,,,,,,,,,,,,,,,
,outflow_1,outflow,1988,2328,,,,,,,,,,NA,18.3,1062,1219,5.2,56,,,,,,,,,,,,,
,outflow_2,outflow,1989,11002,,,,,,,,,,NA,,,,,,,,,,,,,,,,,,
,outflow_3,outflow,1990,5023,,,,,,,,,,NA,,,,,,,,,,,,,,,,,,
,m_1_e ,shore,1991,26,,,,,,,,,,7.09,9.4,1581,2255,2.9,26,,,,,,,,,,,,,
,m_4_s ,shore,1992,323,,,,,,,,,,NA,7.6,924,1380,3.6,30,,,,,,,,,,,,,
,m_4_n,shore,1993,10135,,,,,,,,,,NA,8.7,1166,1694,5.4,47,,,,,,,,,,,,,
,m_1_e ,water,1994,6719,,,,,,,,,,7.02,20.8,1144,1249,4.4,50,,,,,,,,,,,,,
,m_4_s ,water,1995,10259,,,,,,,,,,NA,18.3,1056,1210,3.6,38,,,,,,,,,,,,,
,m_4_n,water,1996,10010,,,,,,,,,,NA,18.4,1063,1216,3.5,38,,,,,,,,,,,,,
3/20/19,inflow_1,inflow,1997,585,,,,,,,,,,,24.1,1111,1131,2.3,40,,,,,,,,,,,,,
,inflow_2,inflow,1998,2153,,,,,,,,,,,,,,,,,,,,,,,,,,,,
,inflow_3,inflow,1999,10167,,,,,,,,,,,,,,,,,,,,,,,,,,,,
,outflow_1,outflow,2000,43500,,,,,,,,,,NA,22.2,1101,1164,4.2,50,,,,,,,,,,,,,
,outflow_2,outflow,2001,43742,,,,,,,,,,,,,,,,,,,,,,,,,,,,
,outflow_3,outflow,2002,23-4,,,,,,,,,,,,,,,,,,,,,,,,,,,,
,m_1_e ,shore,2003,2191,,,,,,,,,,NA,13.6,1404,1795,1.9,18,,,,,,,,,,,,,
,m_4_s ,shore,2004,10237,,,,,,,,,,NA,11.3,905,1127,2.4,22,,,,,,,,,,,,,
,m_4_n,shore,2005,10171,,,,,,,,,,NA,12.4,1033,1360,2.8,29,,,,,,,,,,,,,
,m_1_e ,water,2006,13-4,,,,,,,,,,NA,21.1,1065,1151,0.8,9,,,,,,,,,,,,,
,m_4_s ,water,2007,10041,,,,,,,,,,NA,21.8,1095,1162,3.6,41,,,,,,,,,,,,,
,m_4_n,water,2008,11023,,,,,,,,,,NA,21.5,1090,1169,2.3,27,,,,,,,,,,,,,
5/22/19,inflow_1,inflow,2009,43773,,,,,,,,,,,,,,,,,,,,,,,,,,,,
,inflow_2,inflow,2010,10112,,,,,,,,,,NA,24.3,1262,1278,5.8,70,,,,,,,,,,,,,
,inflow_3,inflow,2011,791.7,,,,,,,,,,,,,,,,,,,,,,,,,,,,
,outflow_1,outflow,2012,2298,,,,,,,,,,NA,21.8,1227,1306,6.4,75,,,,,,,,,,,,,
,outflow_2,outflow,2013,10243,,,,,,,,,,,,,,,,,,,,,,,,,,,,
,outflow_3,outflow,2014,10182,,,,,,,,,,,,,,,,,,,,,,,,,,,,
,m_1_e ,shore,2015,18-4,,,,,,,,,,NA,23.6,1275,1313,3.1,38,,,,,,,,,,,,,
,m_4_s ,shore,2016,65,,,,,,,,,,NA,15.4,1062,1300,2.1,23,,,,,,,,,,,,,
,m_4_n,shore,2017,2286,,,,,,,,,,NA,15.3,1087,1334,2.2,22,,,,,,,,,,,,,
,m_1_e ,water,2018,15-4,,,,,,,,,,NA,16.8,1377,1633,2.2,24,,,,,,,,,,,,,
,m_4_s ,water,2019,4510,,,,,,,,,,NA,21.9,1217,1294,4.4,52,,,,,,,,,,,,,
,m_4_n,water,2020,12022,,,,,,,,,,NA,21.1,1211,1308,2.9,35,,,,,,,,,,,,,